id,c_id,date
133,527,2019.10.13
141,611,2019.10.17
133,281,2019.10.21
77,263,2019.10.22
77,1077,2019.10.22
135,1272,2019.10.25
148,527,2019.10.28
77,527,2019.10.28
162,527,2019.10.28
70,932,2019.10.29
133,527,2019.11.01
77,527,2019.11.01
93,1266,2019.11.02
70,1127,2019.11.06
133,276,2019.11.08
70,833,2019.11.11
148,527,2019.11.13
144,1240,2019.11.13
65,1240,2019.11.13
133,1161,2019.11.16
77,272,2019.11.18
133,527,2019.11.27
162,527,2019.11.27
96,264,2019.12.06
77,527,2019.12.06
118,1254,2019.12.06
93,272,2019.12.07
153,276,2019.12.07
93,276,2019.12.07
148,297,2019.12.08
70,297,2019.12.08
77,881,2019.12.09
90,281,2019.12.13
144,290,2019.12.15
162,290,2019.12.15
139,1008,2019.12.17
70,1234,2019.12.19
70,1202,2019.12.20
135,1048,2019.12.21
135,1209,2019.12.22
70,511,2019.12.25
133,649,2019.12.26
198,649,2019.12.26
138,1369,2019.12.27
190,119,2019.12.31
133,1171,2020.01.01
135,1171,2020.01.01
148,775,2020.01.03
98,775,2020.01.03
133,962,2020.01.06
70,962,2020.01.06
106,221,2020.01.08
133,506,2020.01.16
135,1048,2020.01.17
105,604,2020.01.19
133,611,2020.01.21
139,1113,2020.01.23
148,611,2020.01.25
197,171,2020.01.30
200,290,2020.01.30
193,1199,2020.01.31
153,130,2020.02.04
77,130,2020.02.04
190,212,2020.02.11
81,877,2020.02.13
145,498,2020.02.19
106,263,2020.02.24
190,613,2020.02.24
72,1171,2020.02.26
162,137,2020.02.27
202,937,2020.02.27
133,982,2020.02.27
144,611,2020.02.28
116,611,2020.02.28
135,608,2020.03.01
151,1026,2020.03.02
188,1026,2020.03.02
190,754,2020.03.03
133,1124,2020.03.03
87,498,2020.03.04
89,937,2020.03.04
162,1272,2020.03.06
77,526,2020.03.07
93,523,2020.03.11
148,523,2020.03.11
77,523,2020.03.11
190,523,2020.03.11
81,261,2020.03.13
133,1251,2020.03.13
72,611,2020.03.16
139,121,2020.03.18
208,498,2020.03.19
190,339,2020.03.20
139,611,2020.03.20
89,877,2020.03.20
148,1250,2020.03.20
202,212,2020.03.24
124,293,2020.03.25
70,611,2020.03.25
140,886,2020.04.02
72,886,2020.04.02
77,647,2020.04.04
151,1171,2020.04.06
199,171,2020.04.08
193,212,2020.04.09
135,1153,2020.04.11
93,1094,2020.04.13
76,547,2020.04.14
76,212,2020.04.15
116,614,2020.04.16
77,455,2020.04.23
224,498,2020.04.23
95,727,2020.04.23
162,1390,2020.04.24
76,1171,2020.04.30
139,167,2020.05.02
162,300,2020.05.04
220,290,2020.05.09
131,978,2020.05.11
190,1386,2020.05.15
193,1386,2020.05.15
76,122,2020.05.17
190,270,2020.05.18
138,837,2020.05.18
162,1399,2020.05.18
231,498,2020.05.19
231,527,2020.05.19
162,527,2020.05.19
196,991,2020.05.19
135,377,2020.05.21
66,455,2020.05.22
225,455,2020.05.27
198,212,2020.05.28
200,212,2020.05.28
207,527,2020.05.28
147,455,2020.05.29
224,225,2020.05.31
225,1163,2020.06.10
188,1270,2020.06.10
133,368,2020.06.11
128,368,2020.06.11
202,1272,2020.06.12
72,841,2020.06.15
81,884,2020.06.17
197,1266,2020.06.17
77,269,2020.06.18
70,504,2020.06.18
70,614,2020.06.21
133,455,2020.06.22
138,455,2020.06.22
75,455,2020.06.23
135,1255,2020.06.24
77,1255,2020.06.24
70,1255,2020.06.24
90,262,2020.06.25
162,262,2020.06.25
133,929,2020.06.27
135,368,2020.06.29
225,1149,2020.06.30
77,281,2020.07.03
70,281,2020.07.03
162,1005,2020.07.04
226,1149,2020.07.04
148,1149,2020.07.04
77,874,2020.07.06
110,874,2020.07.06
112,874,2020.07.06
207,526,2020.07.07
226,884,2020.07.08
106,884,2020.07.08
77,884,2020.07.08
98,884,2020.07.08
225,231,2020.07.10
198,929,2020.07.10
226,929,2020.07.10
77,929,2020.07.10
75,350,2020.07.11
241,455,2020.07.13
224,455,2020.07.13
89,1023,2020.07.15
100,1023,2020.07.15
231,186,2020.07.16
231,497,2020.07.16
77,1151,2020.07.16
241,1171,2020.07.16
224,341,2020.07.17
93,455,2020.07.17
225,526,2020.07.17
200,526,2020.07.17
240,350,2020.07.18
66,499,2020.07.18
231,519,2020.07.18
67,519,2020.07.18
70,519,2020.07.18
222,836,2020.07.18
194,915,2020.07.20
77,915,2020.07.20
112,808,2020.07.21
139,239,2020.07.22
190,239,2020.07.22
133,504,2020.07.23
133,877,2020.07.24
135,1356,2020.07.26
189,841,2020.07.27
240,1171,2020.07.27
225,1270,2020.07.29
280,523,2020.07.30
75,442,2020.08.03
77,442,2020.08.03
162,838,2020.08.03
162,838,2020.08.03
151,186,2020.08.05
240,245,2020.08.07
241,1389,2020.08.08
240,1389,2020.08.08
243,1389,2020.08.08
194,822,2020.08.11
190,822,2020.08.11
81,877,2020.08.11
194,929,2020.08.12
231,929,2020.08.12
133,1001,2020.08.13
194,1001,2020.08.13
135,137,2020.08.14
224,137,2020.08.14
75,524,2020.08.17
70,137,2020.08.19
125,884,2020.08.19
70,269,2020.08.20
77,661,2020.08.20
70,661,2020.08.20
119,1383,2020.08.20
249,1383,2020.08.20
70,509,2020.08.22
70,126,2020.08.23
202,281,2020.08.25
243,1383,2020.08.26
95,455,2020.08.28
224,1383,2020.08.30
162,290,2020.09.01
198,455,2020.09.04
240,455,2020.09.04
226,455,2020.09.04
103,455,2020.09.04
194,455,2020.09.04
231,455,2020.09.04
202,455,2020.09.04
81,455,2020.09.04
222,455,2020.09.04
70,342,2020.09.05
194,269,2020.09.07
77,269,2020.09.07
194,281,2020.09.07
81,838,2020.09.08
77,442,2020.09.09
257,455,2020.09.10
115,455,2020.09.10
190,455,2020.09.10
196,455,2020.09.10
133,841,2020.09.10
240,933,2020.09.10
194,933,2020.09.10
133,1002,2020.09.10
75,1159,2020.09.10
257,1383,2020.09.10
194,1383,2020.09.10
194,1383,2020.09.10
190,240,2020.09.11
193,240,2020.09.11
80,368,2020.09.11
95,455,2020.09.11
255,455,2020.09.11
70,455,2020.09.11
241,933,2020.09.12
198,877,2020.09.13
207,137,2020.09.15
198,137,2020.09.15
241,137,2020.09.15
200,137,2020.09.15
202,137,2020.09.15
162,1125,2020.09.15
190,1403,2020.09.15
208,658,2020.09.16
257,877,2020.09.16
110,977,2020.09.17
70,1428,2020.09.18
202,877,2020.09.19
202,295,2020.09.20
194,933,2020.09.21
241,1001,2020.09.21
196,1403,2020.09.21
193,1403,2020.09.21
100,301,2020.09.22
194,240,2020.09.23
77,241,2020.09.23
249,1074,2020.09.23
244,1074,2020.09.23
96,1074,2020.09.23
135,137,2020.09.24
194,500,2020.09.24
135,186,2020.09.30
249,1027,2020.09.30
194,990,2020.10.05
147,1000,2020.10.05
194,442,2020.10.07
93,442,2020.10.07
254,442,2020.10.07
77,442,2020.10.07
66,442,2020.10.07
135,527,2020.10.07
249,1383,2020.10.07
241,990,2020.10.08
76,990,2020.10.08
198,649,2020.10.13
208,290,2020.10.14
226,324,2020.10.14
147,324,2020.10.14
100,455,2020.10.14
198,867,2020.10.14
257,990,2020.10.15
225,1000,2020.10.15
135,293,2020.10.16
77,824,2020.10.17
81,960,2020.10.22
151,264,2020.10.23
231,278,2020.10.23
86,270,2020.10.25
82,270,2020.10.25
117,721,2020.10.26
240,990,2020.10.27
133,1155,2020.11.01
198,1155,2020.11.01
77,1389,2020.11.03
135,899,2020.11.04
77,1148,2020.11.05
70,1148,2020.11.05
227,1383,2020.11.05
254,242,2020.11.07
89,496,2020.11.08
89,202,2020.11.09
162,455,2020.11.09
70,649,2020.11.09
111,724,2020.11.09
182,724,2020.11.09
253,1383,2020.11.09
194,209,2020.11.11
226,217,2020.11.11
113,982,2020.11.11
275,1165,2020.11.11
276,281,2020.11.12
70,982,2020.11.13
241,1001,2020.11.13
257,1064,2020.11.13
123,272,2020.11.15
241,982,2020.11.15
240,982,2020.11.15
70,1420,2020.11.15
135,492,2020.11.16
120,496,2020.11.16
224,526,2020.11.16
90,877,2020.11.16
142,281,2020.11.17
281,455,2020.11.18
280,455,2020.11.18
76,212,2020.11.19
240,1092,2020.11.19
257,267,2020.11.20
93,137,2020.11.21
95,137,2020.11.21
194,933,2020.11.22
135,1252,2020.11.22
151,267,2020.11.23
76,267,2020.11.23
82,442,2020.11.23
75,796,2020.11.23
66,796,2020.11.23
77,442,2020.11.24
222,442,2020.11.24
222,1045,2020.11.24
93,870,2020.11.25
75,188,2020.11.26
133,522,2020.11.26
151,522,2020.11.26
241,891,2020.11.27
240,891,2020.11.27
257,891,2020.11.27
77,891,2020.11.27
70,891,2020.11.27
66,368,2020.11.28
240,954,2020.11.29
275,1165,2020.11.30
77,511,2020.12.01
277,1024,2020.12.02
224,1024,2020.12.02
75,1123,2020.12.02
66,1123,2020.12.02
97,264,2020.12.03
198,281,2020.12.03
244,281,2020.12.03
72,649,2020.12.03
65,1137,2020.12.03
147,1137,2020.12.03
76,1137,2020.12.03
194,278,2020.12.04
190,263,2020.12.07
196,263,2020.12.07
257,817,2020.12.07
76,817,2020.12.07
241,240,2020.12.09
240,240,2020.12.09
196,240,2020.12.09
193,240,2020.12.09
133,870,2020.12.09
194,1000,2020.12.09
77,1000,2020.12.09
77,1000,2020.12.10
202,287,2020.12.11
87,1068,2020.12.11
225,1068,2020.12.11
194,1068,2020.12.11
294,261,2020.12.12
65,796,2020.12.12
106,648,2020.12.13
202,870,2020.12.13
224,870,2020.12.13
254,277,2020.12.14
70,277,2020.12.14
80,281,2020.12.14
82,281,2020.12.14
231,1068,2020.12.14
240,248,2020.12.15
231,248,2020.12.15
278,649,2020.12.15
249,1150,2020.12.15
162,1150,2020.12.15
144,1383,2020.12.15
202,937,2020.12.16
202,937,2020.12.16
207,1079,2020.12.16
226,278,2020.12.17
275,281,2020.12.17
254,293,2020.12.17
66,293,2020.12.17
133,995,2020.12.17
275,1377,2020.12.17
133,929,2020.12.18
130,1266,2020.12.18
255,1272,2020.12.18
276,1272,2020.12.18
115,1272,2020.12.18
276,1358,2020.12.18
293,287,2020.12.19
243,350,2020.12.19
133,972,2020.12.19
70,978,2020.12.19
141,1026,2020.12.19
198,1026,2020.12.19
231,1026,2020.12.19
202,1026,2020.12.19
70,1026,2020.12.19
282,281,2020.12.20
66,646,2020.12.20
133,880,2020.12.20
133,1383,2020.12.20
278,442,2020.12.21
231,442,2020.12.21
254,442,2020.12.21
66,442,2020.12.21
276,442,2020.12.21
222,442,2020.12.21
162,922,2020.12.21
254,1059,2020.12.21
70,1059,2020.12.21
194,1131,2020.12.21
76,1131,2020.12.21
133,270,2020.12.22
275,722,2020.12.22
198,722,2020.12.22
193,777,2020.12.22
193,777,2020.12.22
198,817,2020.12.22
257,817,2020.12.22
257,817,2020.12.22
199,817,2020.12.22
197,927,2020.12.22
133,994,2020.12.22
309,276,2020.12.23
200,817,2020.12.23
133,842,2020.12.23
93,1115,2020.12.23
133,1149,2020.12.23
70,274,2020.12.24
276,274,2020.12.24
225,515,2020.12.24
77,601,2020.12.24
72,1026,2020.12.24
255,1125,2020.12.24
253,1125,2020.12.24
282,1377,2020.12.24
190,978,2020.12.25
193,978,2020.12.25
253,1123,2020.12.25
240,995,2020.12.26
241,350,2020.12.27
70,974,2020.12.27
81,974,2020.12.27
294,974,2020.12.27
133,1021,2020.12.27
282,278,2020.12.28
226,278,2020.12.28
254,278,2020.12.28
231,1002,2020.12.28
249,1002,2020.12.28
257,1068,2020.12.28
190,1167,2020.12.28
294,1167,2020.12.28
293,1167,2020.12.28
141,137,2020.12.29
133,137,2020.12.29
133,137,2020.12.29
133,137,2020.12.29
240,143,2020.12.29
96,1125,2020.12.29
193,350,2020.12.30
133,1377,2020.12.30
115,290,2020.12.31
240,1026,2020.12.31
202,924,2021.01.01
207,990,2021.01.03
208,990,2021.01.03
133,1270,2021.01.03
198,1270,2021.01.03
202,1270,2021.01.03
278,212,2021.01.04
133,682,2021.01.04
135,682,2021.01.04
310,682,2021.01.04
133,683,2021.01.04
135,683,2021.01.04
310,683,2021.01.04
70,922,2021.01.04
310,1125,2021.01.04
82,1266,2021.01.04
72,220,2021.01.05
284,220,2021.01.05
275,290,2021.01.05
202,290,2021.01.05
299,290,2021.01.05
135,368,2021.01.05
86,368,2021.01.05
310,368,2021.01.05
226,368,2021.01.05
116,368,2021.01.05
231,368,2021.01.05
81,368,2021.01.05
310,455,2021.01.05
181,455,2021.01.05
299,455,2021.01.05
133,141,2021.01.06
280,189,2021.01.06
304,276,2021.01.06
281,276,2021.01.06
76,276,2021.01.06
197,817,2021.01.06
241,988,2021.01.06
198,990,2021.01.06
257,990,2021.01.06
75,801,2021.01.07
139,801,2021.01.07
194,801,2021.01.07
133,867,2021.01.07
310,867,2021.01.07
310,867,2021.01.07
310,903,2021.01.07
310,276,2021.01.08
310,527,2021.01.08
202,615,2021.01.08
310,618,2021.01.08
310,649,2021.01.08
244,649,2021.01.08
310,997,2021.01.08
296,997,2021.01.08
310,210,2021.01.10
197,210,2021.01.10
310,351,2021.01.10
310,933,2021.01.10
222,933,2021.01.10
310,993,2021.01.10
241,1170,2021.01.10
310,1407,2021.01.11
241,1099,2021.01.12
240,1099,2021.01.12
194,1099,2021.01.12
77,1099,2021.01.12
276,1265,2021.01.12
227,245,2021.01.13
87,1125,2021.01.13
89,1125,2021.01.13
257,1266,2021.01.14
190,350,2021.01.15
293,350,2021.01.15
299,747,2021.01.15
141,924,2021.01.15
139,924,2021.01.15
119,924,2021.01.15
310,1383,2021.01.15
81,1383,2021.01.15
294,656,2021.01.16
66,747,2021.01.16
133,1026,2021.01.16
72,1026,2021.01.16
284,1026,2021.01.16
241,1026,2021.01.16
145,1026,2021.01.16
70,1026,2021.01.16
76,521,2021.01.17
240,611,2021.01.17
257,611,2021.01.17
276,960,2021.01.17
193,1422,2021.01.17
135,234,2021.01.18
133,1018,2021.01.18
77,996,2021.01.20
240,287,2021.01.21
133,290,2021.01.21
194,617,2021.01.21
202,990,2021.01.21
194,1117,2021.01.21
257,1332,2021.01.21
202,1332,2021.01.21
133,603,2021.01.22
133,603,2021.01.22
310,603,2021.01.22
194,635,2021.01.22
93,635,2021.01.22
77,635,2021.01.22
131,635,2021.01.22
310,224,2021.01.23
77,524,2021.01.23
70,524,2021.01.23
294,524,2021.01.23
310,996,2021.01.23
194,1346,2021.01.23
286,197,2021.01.24
310,530,2021.01.24
133,924,2021.01.24
307,924,2021.01.24
133,224,2021.01.25
275,224,2021.01.25
275,224,2021.01.25
277,224,2021.01.25
202,494,2021.01.25
310,993,2021.01.25
292,209,2021.01.26
249,209,2021.01.26
190,244,2021.01.26
193,244,2021.01.26
88,442,2021.01.26
310,442,2021.01.26
65,442,2021.01.26
226,442,2021.01.26
294,442,2021.01.26
293,442,2021.01.26
220,442,2021.01.26
308,442,2021.01.26
222,442,2021.01.26
222,442,2021.01.26
77,870,2021.01.26
116,618,2021.01.27
133,633,2021.01.27
117,633,2021.01.27
133,1373,2021.01.28
240,1373,2021.01.28
77,633,2021.01.29
310,819,2021.01.29
278,264,2021.01.30
310,529,2021.01.30
224,913,2021.01.30
72,1306,2021.01.30
257,1306,2021.01.30
275,1096,2021.01.31
299,1096,2021.01.31
308,1096,2021.01.31
202,1400,2021.02.01
253,368,2021.02.02
162,527,2021.02.02
276,634,2021.02.02
133,683,2021.02.02
198,981,2021.02.02
200,981,2021.02.02
202,981,2021.02.02
133,990,2021.02.02
133,1383,2021.02.02
222,1383,2021.02.02
296,1383,2021.02.02
309,955,2021.02.03
315,1162,2021.02.03
141,1162,2021.02.03
141,1162,2021.02.03
141,1162,2021.02.03
141,1162,2021.02.03
284,1162,2021.02.03
190,1421,2021.02.03
196,1421,2021.02.03
193,1421,2021.02.03
257,734,2021.02.04
141,1087,2021.02.04
77,1351,2021.02.04
181,1022,2021.02.05
77,1128,2021.02.05
77,137,2021.02.06
77,137,2021.02.06
77,137,2021.02.06
90,137,2021.02.06
89,137,2021.02.06
70,137,2021.02.06
70,137,2021.02.06
70,137,2021.02.06
276,302,2021.02.06
133,529,2021.02.06
141,1026,2021.02.06
151,1026,2021.02.06
93,1076,2021.02.06
309,300,2021.02.07
198,985,2021.02.07
200,1270,2021.02.07
275,138,2021.02.08
310,138,2021.02.08
202,1022,2021.02.08
182,1022,2021.02.08
89,1025,2021.02.08
276,1025,2021.02.08
118,1025,2021.02.08
118,1025,2021.02.08
82,1025,2021.02.08
257,254,2021.02.09
208,526,2021.02.09
77,526,2021.02.09
162,526,2021.02.09
70,526,2021.02.09
298,1422,2021.02.09
231,203,2021.02.10
66,499,2021.02.10
133,642,2021.02.10
278,642,2021.02.10
244,1125,2021.02.10
310,770,2021.02.11
294,913,2021.02.12
77,1118,2021.02.13
278,529,2021.02.14
202,1352,2021.02.14
276,1425,2021.02.14
202,302,2021.02.15
76,1260,2021.02.15
257,209,2021.02.16
133,938,2021.02.16
133,198,2021.02.17
133,890,2021.02.17
257,903,2021.02.17
244,1125,2021.02.17
81,1125,2021.02.17
141,1162,2021.02.17
141,1162,2021.02.17
141,1162,2021.02.17
141,1162,2021.02.17
198,1162,2021.02.17
115,134,2021.02.18
194,197,2021.02.18
286,197,2021.02.18
77,197,2021.02.18
133,212,2021.02.18
133,212,2021.02.18
162,966,2021.02.18
304,930,2021.02.19
309,1410,2021.02.19
257,1266,2021.02.21
190,603,2021.02.22
294,603,2021.02.22
293,603,2021.02.22
190,913,2021.02.22
294,913,2021.02.22
278,222,2021.02.24
72,995,2021.02.25
198,995,2021.02.25
304,995,2021.02.25
257,522,2021.02.27
194,522,2021.02.27
124,515,2021.02.28
89,515,2021.02.28
133,632,2021.02.28
310,286,2021.03.01
275,502,2021.03.02
283,502,2021.03.02
310,877,2021.03.02
310,1266,2021.03.02
310,519,2021.03.04
310,957,2021.03.05
133,518,2021.03.06
310,602,2021.03.06
255,958,2021.03.06
196,960,2021.03.06
202,993,2021.03.07
276,212,2021.03.11
202,281,2021.03.11
278,290,2021.03.11
202,290,2021.03.11
89,913,2021.03.12
304,665,2021.03.14
304,665,2021.03.14
133,1080,2021.03.14
135,16,2021.03.15
77,155,2021.03.15
70,155,2021.03.15
135,682,2021.03.15
346,682,2021.03.15
133,683,2021.03.15
133,867,2021.03.15
257,867,2021.03.15
194,867,2021.03.15
325,867,2021.03.15
310,958,2021.03.15
293,913,2021.03.16
153,958,2021.03.16
202,248,2021.03.17
280,281,2021.03.17
257,958,2021.03.17
65,368,2021.03.18
326,368,2021.03.18
310,983,2021.03.18
190,1132,2021.03.18
194,281,2021.03.19
231,281,2021.03.19
77,281,2021.03.19
257,195,2021.03.20
227,1383,2021.03.21
208,264,2021.03.22
257,264,2021.03.22
148,279,2021.03.22
249,279,2021.03.22
133,624,2021.03.22
310,624,2021.03.22
95,933,2021.03.23
133,302,2021.03.24
194,280,2021.03.26
193,280,2021.03.26
133,1049,2021.03.27
75,603,2021.03.28
294,603,2021.03.28
196,603,2021.03.28
309,7,2021.03.29
310,455,2021.03.29
346,683,2021.03.29
326,915,2021.03.29
133,658,2021.03.30
135,658,2021.03.30
352,442,2021.03.31
77,605,2021.03.31
141,913,2021.03.31
133,290,2021.04.01
89,515,2021.04.01
326,515,2021.04.01
292,1024,2021.04.01
276,1024,2021.04.01
324,897,2021.04.02
340,1353,2021.04.02
77,522,2021.04.03
70,522,2021.04.03
309,955,2021.04.04
309,955,2021.04.04
309,955,2021.04.04
70,526,2021.04.05
220,526,2021.04.05
64,817,2021.04.05
151,817,2021.04.05
231,817,2021.04.05
202,817,2021.04.05
202,817,2021.04.05
115,817,2021.04.05
115,817,2021.04.05
257,391,2021.04.06
202,391,2021.04.06
231,522,2021.04.06
133,1026,2021.04.06
352,7,2021.04.07
326,173,2021.04.07
352,1355,2021.04.08
257,1154,2021.04.11
352,243,2021.04.13
133,745,2021.04.13
116,980,2021.04.13
194,980,2021.04.13
275,1046,2021.04.13
310,819,2021.04.15
257,819,2021.04.15
202,819,2021.04.15
257,1275,2021.04.20
133,664,2021.04.21
346,664,2021.04.21
340,1165,2021.04.22
354,132,2021.04.23
340,132,2021.04.23
133,1347,2021.04.23
162,1258,2021.04.24
135,350,2021.04.25
115,276,2021.04.26
309,276,2021.04.26
310,1367,2021.04.27
277,526,2021.04.28
133,980,2021.04.28
194,1073,2021.04.28
257,1154,2021.04.28
133,1268,2021.04.28
64,524,2021.04.30
133,952,2021.04.30
141,290,2021.05.01
64,973,2021.05.01
64,973,2021.05.01
90,1270,2021.05.01
208,258,2021.05.02
87,258,2021.05.02
310,493,2021.05.02
257,493,2021.05.02
138,533,2021.05.02
116,533,2021.05.02
257,533,2021.05.02
133,989,2021.05.02
310,989,2021.05.02
277,989,2021.05.02
255,140,2021.05.03
133,913,2021.05.03
77,197,2021.05.04
77,522,2021.05.04
135,682,2021.05.04
70,682,2021.05.04
133,794,2021.05.04
326,936,2021.05.04
257,978,2021.05.04
362,1422,2021.05.04
306,294,2021.05.05
198,294,2021.05.05
153,294,2021.05.05
133,1233,2021.05.05
194,1233,2021.05.05
77,1233,2021.05.05
70,1233,2021.05.05
190,1233,2021.05.05
193,1233,2021.05.05
77,343,2021.05.06
190,343,2021.05.06
110,526,2021.05.06
112,526,2021.05.06
113,526,2021.05.06
324,599,2021.05.06
324,599,2021.05.06
133,664,2021.05.06
326,915,2021.05.08
81,915,2021.05.08
202,981,2021.05.09
340,254,2021.05.10
133,649,2021.05.11
198,649,2021.05.11
310,224,2021.05.12
75,737,2021.05.12
310,281,2021.05.14
190,504,2021.05.14
133,1270,2021.05.14
310,1270,2021.05.14
222,1270,2021.05.14
202,521,2021.05.15
308,281,2021.05.17
133,1333,2021.05.17
308,725,2021.05.18
352,1370,2021.05.18
276,1272,2021.05.19
133,290,2021.05.20
133,509,2021.05.20
257,649,2021.05.20
284,220,2021.05.21
202,1000,2021.05.22
304,286,2021.05.23
303,286,2021.05.23
314,286,2021.05.23
202,521,2021.05.24
133,522,2021.05.24
346,522,2021.05.24
297,526,2021.05.24
293,526,2021.05.24
193,526,2021.05.24
318,603,2021.05.24
257,877,2021.05.24
326,877,2021.05.24
77,1044,2021.05.24
277,354,2021.05.25
133,657,2021.05.25
304,1248,2021.05.26
310,1155,2021.05.27
194,977,2021.05.29
190,1002,2021.05.29
196,1002,2021.05.29
320,224,2021.05.30
133,224,2021.05.30
310,224,2021.05.30
320,245,2021.05.30
198,245,2021.05.30
81,1159,2021.05.30
193,1159,2021.05.30
310,988,2021.05.31
113,730,2021.06.01
310,1048,2021.06.01
277,1160,2021.06.01
81,795,2021.06.02
64,1154,2021.06.02
257,1154,2021.06.02
257,1188,2021.06.03
276,1188,2021.06.03
77,508,2021.06.04
202,1270,2021.06.04
70,1270,2021.06.04
362,245,2021.06.05
292,245,2021.06.05
77,964,2021.06.10
113,343,2021.06.13
346,522,2021.06.15
133,16,2021.06.17
133,867,2021.06.17
77,391,2021.06.18
70,391,2021.06.18
281,533,2021.06.18
133,867,2021.06.18
133,16,2021.06.21
135,265,2021.06.21
76,272,2021.06.21
240,1012,2021.06.21
310,1012,2021.06.21
324,1012,2021.06.21
72,819,2021.06.22
310,819,2021.06.22
151,819,2021.06.22
231,819,2021.06.22
308,238,2021.06.24
241,242,2021.06.25
240,242,2021.06.25
226,712,2021.06.25
151,1054,2021.06.28
257,244,2021.06.29
304,522,2021.06.29
346,933,2021.06.29
240,1250,2021.06.29
320,1353,2021.06.29
64,340,2021.07.01
135,505,2021.07.01
202,505,2021.07.01
202,505,2021.07.01
345,505,2021.07.01
277,526,2021.07.01
126,682,2021.07.01
77,883,2021.07.02
70,883,2021.07.02
133,1018,2021.07.02
320,1317,2021.07.02
194,124,2021.07.03
190,124,2021.07.03
141,238,2021.07.03
202,545,2021.07.03
115,545,2021.07.03
202,834,2021.07.03
77,981,2021.07.04
70,682,2021.07.05
133,1025,2021.07.05
133,391,2021.07.06
151,391,2021.07.06
141,1084,2021.07.06
331,1370,2021.07.06
133,1406,2021.07.06
70,254,2021.07.07
77,214,2021.07.09
133,927,2021.07.09
135,264,2021.07.10
202,264,2021.07.10
334,264,2021.07.10
133,425,2021.07.10
310,425,2021.07.10
346,1383,2021.07.10
309,16,2021.07.14
309,291,2021.07.14
254,1263,2021.07.14
133,792,2021.07.15
249,792,2021.07.15
70,1385,2021.07.15
70,1385,2021.07.15
194,264,2021.07.16
240,290,2021.07.16
320,391,2021.07.16
198,1133,2021.07.16
194,798,2021.07.18
105,245,2021.07.19
133,223,2021.07.20
194,269,2021.07.20
148,368,2021.07.20
64,450,2021.07.20
194,450,2021.07.20
76,450,2021.07.20
70,486,2021.07.20
70,486,2021.07.20
310,489,2021.07.20
77,499,2021.07.20
194,517,2021.07.20
133,682,2021.07.20
310,819,2021.07.20
133,920,2021.07.20
207,920,2021.07.20
198,920,2021.07.20
75,920,2021.07.20
310,920,2021.07.20
257,920,2021.07.20
231,920,2021.07.20
148,920,2021.07.20
148,920,2021.07.20
133,952,2021.07.20
81,964,2021.07.20
310,1008,2021.07.20
225,1056,2021.07.20
202,1056,2021.07.20
81,1056,2021.07.20
331,1421,2021.07.20
196,1421,2021.07.20
70,508,2021.07.21
133,543,2021.07.21
64,662,2021.07.21
352,662,2021.07.21
151,665,2021.07.21
283,817,2021.07.21
135,871,2021.07.21
310,1007,2021.07.21
257,1007,2021.07.21
194,1007,2021.07.21
77,1007,2021.07.21
77,1007,2021.07.21
70,1007,2021.07.21
66,1007,2021.07.21
66,1079,2021.07.21
346,1125,2021.07.21
135,1165,2021.07.21
135,276,2021.07.22
117,276,2021.07.22
346,291,2021.07.22
282,867,2021.07.22
135,867,2021.07.22
346,867,2021.07.22
86,867,2021.07.22
88,867,2021.07.22
310,867,2021.07.22
144,867,2021.07.22
208,867,2021.07.22
225,867,2021.07.22
313,867,2021.07.22
162,867,2021.07.22
70,867,2021.07.22
227,867,2021.07.22
133,938,2021.07.22
77,1025,2021.07.22
226,1083,2021.07.22
194,1083,2021.07.22
89,1083,2021.07.22
81,1125,2021.07.22
320,683,2021.07.23
133,683,2021.07.23
475,683,2021.07.23
93,733,2021.07.23
81,791,2021.07.23
133,883,2021.07.23
194,933,2021.07.23
293,1081,2021.07.23
222,1085,2021.07.23
141,290,2021.07.24
202,523,2021.07.24
153,609,2021.07.24
130,609,2021.07.24
257,192,2021.07.25
275,291,2021.07.25
310,425,2021.07.25
227,368,2021.07.26
81,368,2021.07.26
81,368,2021.07.26
90,841,2021.07.26
89,841,2021.07.26
276,935,2021.07.26
162,1183,2021.07.26
346,1383,2021.07.26
133,263,2021.07.27
133,263,2021.07.27
243,335,2021.07.27
77,631,2021.07.27
77,631,2021.07.27
133,1000,2021.07.27
133,1000,2021.07.27
140,1000,2021.07.27
362,1083,2021.07.27
95,1083,2021.07.27
331,1083,2021.07.27
257,281,2021.07.28
194,281,2021.07.28
112,391,2021.07.28
362,603,2021.07.28
277,603,2021.07.28
277,603,2021.07.28
1051,774,2021.07.28
133,867,2021.07.28
133,943,2021.07.28
1049,943,2021.07.28
202,1008,2021.07.28
89,1008,2021.07.28
94,1026,2021.07.28
1050,1126,2021.07.28
324,723,2021.07.29
1016,723,2021.07.29
294,1016,2021.07.29
77,1306,2021.07.29
133,749,2021.07.30
133,749,2021.07.30
95,774,2021.07.30
77,1007,2021.07.30
133,1014,2021.07.30
346,1014,2021.07.30
310,1014,2021.07.30
257,1014,2021.07.30
190,1016,2021.07.30
310,1026,2021.07.30
315,1134,2021.07.30
75,797,2021.07.31
77,797,2021.07.31
77,797,2021.07.31
70,797,2021.07.31
70,797,2021.07.31
76,156,2021.08.02
77,156,2021.08.02
70,156,2021.08.02
64,279,2021.08.02
133,613,2021.08.02
257,613,2021.08.02
310,819,2021.08.02
202,819,2021.08.02
1007,819,2021.08.02
352,368,2021.08.03
340,391,2021.08.03
66,631,2021.08.03
309,631,2021.08.03
309,682,2021.08.03
106,1171,2021.08.03
340,1171,2021.08.03
208,279,2021.08.04
77,1026,2021.08.04
1049,291,2021.08.05
335,291,2021.08.05
257,853,2021.08.05
133,902,2021.08.05
162,1026,2021.08.05
194,1348,2021.08.05
77,1348,2021.08.05
281,291,2021.08.06
133,984,2021.08.06
253,984,2021.08.06
346,224,2021.08.07
310,224,2021.08.07
280,291,2021.08.07
81,1091,2021.08.07
199,125,2021.08.08
320,224,2021.08.09
133,224,2021.08.09
133,224,2021.08.09
275,224,2021.08.09
135,224,2021.08.09
292,224,2021.08.09
310,224,2021.08.09
309,224,2021.08.09
77,544,2021.08.09
315,1084,2021.08.09
307,1084,2021.08.09
133,280,2021.08.10
354,511,2021.08.10
320,753,2021.08.10
133,753,2021.08.10
135,753,2021.08.10
346,753,2021.08.10
310,753,2021.08.10
1051,1171,2021.08.10
181,1278,2021.08.10
314,264,2021.08.11
1014,723,2021.08.11
77,1171,2021.08.11
222,199,2021.08.14
103,291,2021.08.14
105,291,2021.08.14
1051,1086,2021.08.14
326,1086,2021.08.14
198,190,2021.08.15
202,190,2021.08.15
133,291,2021.08.15
111,291,2021.08.15
225,291,2021.08.15
310,1247,2021.08.15
197,279,2021.08.16
181,279,2021.08.16
133,1378,2021.08.17
1051,574,2021.08.18
202,1259,2021.08.18
1051,227,2021.08.19
304,227,2021.08.19
202,227,2021.08.19
1020,227,2021.08.19
89,227,2021.08.19
162,227,2021.08.19
1049,512,2021.08.19
70,733,2021.08.19
181,933,2021.08.19
77,1008,2021.08.19
133,888,2021.08.20
133,1423,2021.08.20
327,1425,2021.08.20
1020,774,2021.08.21
304,1247,2021.08.21
64,1262,2021.08.21
362,1082,2021.08.22
147,1129,2021.08.22
125,870,2021.08.23
95,870,2021.08.23
139,276,2021.08.24
117,276,2021.08.24
283,391,2021.08.24
340,391,2021.08.24
1013,391,2021.08.24
194,1051,2021.08.24
77,1051,2021.08.24
194,1085,2021.08.24
1051,774,2021.08.25
254,278,2021.08.26
82,278,2021.08.26
138,16,2021.08.27
138,994,2021.08.27
77,994,2021.08.27
82,994,2021.08.27
354,1171,2021.08.27
202,1171,2021.08.27
249,129,2021.08.28
202,129,2021.08.28
70,1014,2021.08.29
346,422,2021.08.30
77,987,2021.08.30
257,520,2021.08.31
145,1026,2021.08.31
286,1026,2021.08.31
240,345,2021.09.01
80,355,2021.09.01
190,651,2021.09.01
294,651,2021.09.01
198,683,2021.09.01
194,683,2021.09.01
1051,774,2021.09.01
1051,817,2021.09.01
318,507,2021.09.02
89,507,2021.09.02
141,1149,2021.09.02
133,1149,2021.09.02
133,1149,2021.09.02
318,1383,2021.09.02
75,252,2021.09.03
331,252,2021.09.03
202,279,2021.09.03
70,279,2021.09.03
275,1026,2021.09.03
140,1026,2021.09.03
283,1026,2021.09.03
194,426,2021.09.04
76,259,2021.09.05
257,459,2021.09.05
1051,540,2021.09.05
89,1247,2021.09.05
284,212,2021.09.06
133,302,2021.09.06
117,516,2021.09.06
257,516,2021.09.06
257,516,2021.09.06
133,1317,2021.09.06
194,140,2021.09.07
202,140,2021.09.07
93,227,2021.09.07
95,227,2021.09.07
162,227,2021.09.07
1016,227,2021.09.07
334,227,2021.09.07
276,227,2021.09.07
227,227,2021.09.07
81,227,2021.09.07
331,252,2021.09.07
87,264,2021.09.07
76,264,2021.09.07
188,279,2021.09.07
257,279,2021.09.07
148,279,2021.09.07
277,293,2021.09.07
280,526,2021.09.07
133,603,2021.09.07
133,603,2021.09.07
1049,720,2021.09.07
141,1078,2021.09.07
133,1078,2021.09.07
70,1078,2021.09.07
202,185,2021.09.08
77,212,2021.09.08
257,840,2021.09.08
257,872,2021.09.08
70,925,2021.09.08
257,981,2021.09.08
257,983,2021.09.08
141,1027,2021.09.08
70,1118,2021.09.08
240,1133,2021.09.08
257,1253,2021.09.08
198,1270,2021.09.08
241,1270,2021.09.08
181,1270,2021.09.08
190,1270,2021.09.08
196,1270,2021.09.08
77,251,2021.09.09
70,255,2021.09.09
304,257,2021.09.09
257,290,2021.09.09
70,491,2021.09.09
133,892,2021.09.09
86,925,2021.09.09
81,925,2021.09.09
334,956,2021.09.09
77,977,2021.09.09
249,1052,2021.09.09
77,1052,2021.09.09
70,1052,2021.09.09
70,1120,2021.09.09
194,1136,2021.09.09
254,1136,2021.09.09
257,1198,2021.09.09
310,1439,2021.09.09
1060,251,2021.09.10
257,292,2021.09.10
257,292,2021.09.10
324,426,2021.09.10
253,541,2021.09.10
257,890,2021.09.10
133,1439,2021.09.10
318,290,2021.09.11
95,290,2021.09.11
138,603,2021.09.11
315,841,2021.09.11
346,841,2021.09.11
257,978,2021.09.11
70,1002,2021.09.11
70,1002,2021.09.11
202,1267,2021.09.11
312,1267,2021.09.11
275,1306,2021.09.11
362,1422,2021.09.11
119,1422,2021.09.11
254,140,2021.09.12
276,140,2021.09.12
224,279,2021.09.12
346,302,2021.09.12
128,509,2021.09.12
257,606,2021.09.12
257,971,2021.09.12
1051,975,2021.09.12
257,980,2021.09.12
257,1054,2021.09.12
222,187,2021.09.13
75,522,2021.09.13
1050,630,2021.09.13
133,746,2021.09.13
224,750,2021.09.13
224,982,2021.09.13
224,1006,2021.09.13
77,1022,2021.09.13
219,1022,2021.09.13
222,1022,2021.09.13
1051,1166,2021.09.13
130,189,2021.09.14
194,199,2021.09.14
224,212,2021.09.14
357,610,2021.09.14
77,753,2021.09.14
77,876,2021.09.14
224,876,2021.09.14
77,982,2021.09.14
77,1426,2021.09.14
198,250,2021.09.15
352,381,2021.09.15
82,733,2021.09.15
77,750,2021.09.15
77,1064,2021.09.15
304,1171,2021.09.15
77,1306,2021.09.15
224,1306,2021.09.15
77,732,2021.09.16
1050,981,2021.09.16
1051,1171,2021.09.16
354,1171,2021.09.16
162,1173,2021.09.16
346,524,2021.09.18
224,732,2021.09.18
77,980,2021.09.18
70,300,2021.09.19
77,237,2021.09.20
151,140,2021.09.21
116,263,2021.09.21
257,1004,2021.09.21
77,1306,2021.09.21
194,219,2021.09.22
202,250,2021.09.22
77,250,2021.09.22
224,250,2021.09.22
133,264,2021.09.22
162,736,2021.09.22
198,1101,2021.09.22
202,1101,2021.09.22
249,505,2021.09.23
222,1152,2021.09.23
1065,300,2021.09.24
133,522,2021.09.24
133,769,2021.09.24
257,829,2021.09.24
340,1387,2021.09.24
135,212,2021.09.25
202,531,2021.09.25
324,531,2021.09.25
332,644,2021.09.25
202,933,2021.09.25
1092,281,2021.09.26
335,738,2021.09.26
135,958,2021.09.26
257,295,2021.09.27
1051,877,2021.09.27
89,877,2021.09.27
224,916,2021.09.27
139,1027,2021.09.27
112,1027,2021.09.27
202,263,2021.09.28
126,1412,2021.09.28
257,1412,2021.09.28
1098,158,2021.09.29
222,489,2021.09.29
196,533,2021.09.29
1094,603,2021.09.29
1094,603,2021.09.29
95,774,2021.09.29
1094,858,2021.09.29
190,858,2021.09.29
1065,1019,2021.09.29
194,1108,2021.09.29
89,1305,2021.09.29
354,512,2021.09.30
202,732,2021.09.30
70,1066,2021.09.30
194,1371,2021.09.30
231,378,2021.10.02
257,511,2021.10.02
354,511,2021.10.02
257,955,2021.10.02
77,951,2021.10.03
77,1085,2021.10.03
70,1085,2021.10.03
299,1119,2021.10.03
224,132,2021.10.04
77,302,2021.10.04
162,215,2021.10.06
133,1111,2021.10.06
1094,1111,2021.10.06
326,723,2021.10.07
1094,887,2021.10.07
77,990,2021.10.09
280,1085,2021.10.09
309,264,2021.10.10
133,381,2021.10.10
257,381,2021.10.10
352,381,2021.10.10
193,381,2021.10.10
94,464,2021.10.10
335,864,2021.10.10
141,473,2021.10.11
133,473,2021.10.11
133,473,2021.10.11
198,473,2021.10.11
202,1248,2021.10.11
202,1248,2021.10.11
202,1248,2021.10.11
358,1248,2021.10.11
190,1248,2021.10.11
294,1248,2021.10.11
293,1248,2021.10.11
133,121,2021.10.12
327,532,2021.10.12
352,532,2021.10.12
77,257,2021.10.13
310,1317,2021.10.13
77,548,2021.10.14
70,1155,2021.10.14
194,1177,2021.10.14
334,1388,2021.10.14
335,1388,2021.10.14
1050,300,2021.10.15
1049,645,2021.10.15
72,881,2021.10.15
141,1021,2021.10.15
141,1021,2021.10.15
141,1021,2021.10.15
141,1021,2021.10.15
226,1021,2021.10.15
77,1021,2021.10.15
1064,1050,2021.10.15
70,260,2021.10.16
190,269,2021.10.16
224,269,2021.10.16
1093,1004,2021.10.16
194,1004,2021.10.16
1049,1004,2021.10.16
182,1004,2021.10.16
333,1004,2021.10.16
249,1075,2021.10.16
254,140,2021.10.17
66,140,2021.10.17
133,197,2021.10.18
77,197,2021.10.18
77,197,2021.10.18
257,490,2021.10.18
202,490,2021.10.18
138,1023,2021.10.18
103,1023,2021.10.18
225,1023,2021.10.18
194,1023,2021.10.18
1064,1023,2021.10.18
80,1023,2021.10.18
224,1023,2021.10.18
202,1168,2021.10.18
70,1168,2021.10.18
335,457,2021.10.19
70,1085,2021.10.19
280,1085,2021.10.19
77,285,2021.10.20
194,629,2021.10.20
257,953,2021.10.20
304,969,2021.10.20
89,969,2021.10.20
76,1010,2021.10.20
66,1274,2021.10.20
224,1274,2021.10.20
202,266,2021.10.21
327,266,2021.10.21
310,278,2021.10.21
1094,321,2021.10.21
72,609,2021.10.21
151,609,2021.10.21
231,609,2021.10.21
1064,631,2021.10.21
77,1172,2021.10.21
70,1172,2021.10.21
66,1225,2021.10.21
142,1275,2021.10.21
75,1275,2021.10.21
227,305,2021.10.22
133,990,2021.10.22
133,990,2021.10.22
133,990,2021.10.22
310,990,2021.10.22
93,1241,2021.10.22
77,1241,2021.10.22
358,229,2021.10.24
197,733,2021.10.24
98,250,2021.10.25
133,990,2021.10.25
257,1146,2021.10.25
133,57,2021.10.26
275,57,2021.10.26
181,123,2021.10.26
198,273,2021.10.26
202,273,2021.10.26
133,278,2021.10.26
133,278,2021.10.26
193,287,2021.10.26
194,302,2021.10.26
303,302,2021.10.26
93,523,2021.10.26
226,735,2021.10.26
133,891,2021.10.26
77,958,2021.10.26
70,958,2021.10.26
1016,981,2021.10.26
255,981,2021.10.26
276,981,2021.10.26
81,981,2021.10.26
77,1109,2021.10.26
77,1109,2021.10.26
133,1171,2021.10.26
1054,1439,2021.10.26
253,391,2021.10.27
249,394,2021.10.27
194,961,2021.10.27
1094,961,2021.10.27
190,961,2021.10.27
1092,976,2021.10.27
1064,1000,2021.10.27
224,1000,2021.10.27
249,271,2021.10.28
70,294,2021.10.28
77,1109,2021.10.28
70,1109,2021.10.28
1101,1214,2021.10.28
254,145,2021.10.29
194,252,2021.10.29
151,272,2021.10.29
350,368,2021.10.29
202,567,2021.10.29
1012,567,2021.10.29
1054,625,2021.10.29
326,625,2021.10.29
1102,1214,2021.10.29
190,50,2021.10.30
339,206,2021.10.30
226,280,2021.10.30
193,1007,2021.10.30
70,1050,2021.10.30
77,1057,2021.10.30
224,1057,2021.10.30
324,491,2021.10.31
1092,1173,2021.10.31
1094,16,2021.11.01
194,153,2021.11.01
145,206,2021.11.01
77,391,2021.11.01
95,774,2021.11.01
133,36,2021.11.02
1111,36,2021.11.03
309,36,2021.11.03
222,36,2021.11.03
1093,267,2021.11.03
1051,267,2021.11.03
1051,267,2021.11.03
1092,267,2021.11.03
1092,267,2021.11.03
1092,267,2021.11.03
70,279,2021.11.03
276,279,2021.11.03
1094,279,2021.11.03
241,933,2021.11.03
257,933,2021.11.03
244,933,2021.11.03
162,978,2021.11.03
77,983,2021.11.03
202,1214,2021.11.03
135,1374,2021.11.03
77,294,2021.11.04
133,36,2021.11.05
133,36,2021.11.05
77,262,2021.11.05
77,262,2021.11.05
249,268,2021.11.05
275,900,2021.11.05
77,978,2021.11.05
1094,1051,2021.11.05
196,1051,2021.11.05
1049,268,2021.11.06
324,268,2021.11.06
70,268,2021.11.06
278,533,2021.11.06
77,603,2021.11.06
135,771,2021.11.06
226,771,2021.11.06
257,771,2021.11.06
224,1173,2021.11.06
1107,478,2021.11.07
324,858,2021.11.07
190,858,2021.11.07
190,275,2021.11.08
202,564,2021.11.08
190,913,2021.11.08
193,913,2021.11.08
135,969,2021.11.09
327,969,2021.11.09
224,969,2021.11.09
77,1054,2021.11.09
310,159,2021.11.10
1092,252,2021.11.10
309,252,2021.11.10
77,311,2021.11.10
1065,478,2021.11.10
199,533,2021.11.10
257,1185,2021.11.10
133,278,2021.11.11
133,344,2021.11.11
198,567,2021.11.11
162,898,2021.11.11
70,898,2021.11.11
276,898,2021.11.11
81,898,2021.11.11
162,909,2021.11.11
70,909,2021.11.11
257,1050,2021.11.11
93,1058,2021.11.11
281,1058,2021.11.11
276,1058,2021.11.11
280,1058,2021.11.11
1099,1069,2021.11.11
133,1069,2021.11.11
151,1182,2021.11.11
64,463,2021.11.12
196,913,2021.11.12
141,238,2021.11.13
77,436,2021.11.13
133,526,2021.11.13
324,978,2021.11.13
352,998,2021.11.13
65,1055,2021.11.13
70,275,2021.11.14
334,864,2021.11.14
320,921,2021.11.14
70,1375,2021.11.14
1094,258,2021.11.15
350,368,2021.11.15
1118,961,2021.11.15
1111,961,2021.11.15
222,961,2021.11.15
1012,1214,2021.11.15
77,223,2021.11.16
354,607,2021.11.16
1049,607,2021.11.16
1093,867,2021.11.16
1093,867,2021.11.16
202,879,2021.11.16
340,965,2021.11.16
1021,1184,2021.11.16
275,1255,2021.11.16
282,1255,2021.11.16
310,1255,2021.11.16
190,1255,2021.11.16
293,1255,2021.11.16
196,1255,2021.11.16
100,1255,2021.11.16
354,1354,2021.11.16
77,1354,2021.11.16
1126,213,2021.11.17
1058,213,2021.11.17
135,213,2021.11.17
162,213,2021.11.17
162,213,2021.11.17
194,431,2021.11.17
1094,431,2021.11.17
190,431,2021.11.17
133,1065,2021.11.17
194,1099,2021.11.17
227,1099,2021.11.17
133,1138,2021.11.17
1064,1277,2021.11.17
65,81,2021.11.18
67,81,2021.11.18
77,257,2021.11.18
1094,257,2021.11.18
1019,267,2021.11.18
89,267,2021.11.18
358,414,2021.11.18
133,632,2021.11.18
162,632,2021.11.18
194,867,2021.11.18
1060,867,2021.11.18
352,867,2021.11.18
82,867,2021.11.18
133,1001,2021.11.18
202,1001,2021.11.18
77,1001,2021.11.18
190,1001,2021.11.18
133,1018,2021.11.18
1049,1099,2021.11.18
227,1099,2021.11.18
276,1110,2021.11.18
293,1248,2021.11.18
77,268,2021.11.19
224,268,2021.11.19
224,892,2021.11.19
133,1022,2021.11.19
1107,1051,2021.11.19
324,257,2021.11.20
198,943,2021.11.20
278,943,2021.11.20
153,943,2021.11.20
200,943,2021.11.20
202,943,2021.11.20
1054,1051,2021.11.20
135,173,2021.11.21
1061,603,2021.11.21
1094,287,2021.11.22
202,268,2021.11.23
1014,143,2021.11.24
1094,143,2021.11.24
190,143,2021.11.24
77,290,2021.11.24
331,302,2021.11.24
1065,726,2021.11.24
227,726,2021.11.24
326,843,2021.11.24
133,978,2021.11.24
190,1020,2021.11.24
193,1020,2021.11.24
1049,1120,2021.11.24
153,1359,2021.11.25
219,173,2021.11.26
153,621,2021.11.26
115,849,2021.11.26
190,1434,2021.11.26
133,35,2021.11.27
352,791,2021.11.27
93,426,2021.11.29
257,676,2021.11.29
77,676,2021.11.29
70,676,2021.11.29
133,1018,2021.11.29
1054,399,2021.11.30
182,399,2021.11.30
335,399,2021.11.30
1099,987,2021.11.30
72,987,2021.11.30
131,987,2021.11.30
275,103,2021.12.01
194,235,2021.12.01
1094,235,2021.12.01
190,235,2021.12.01
294,235,2021.12.01
202,523,2021.12.01
76,1008,2021.12.01
133,1054,2021.12.01
310,1054,2021.12.01
257,1054,2021.12.01
200,144,2021.12.02
1065,391,2021.12.02
1098,391,2021.12.02
257,903,2021.12.02
190,903,2021.12.02
72,447,2021.12.03
135,649,2021.12.03
220,1016,2021.12.03
222,230,2021.12.04
77,417,2021.12.04
70,582,2021.12.04
133,766,2021.12.04
133,766,2021.12.04
334,864,2021.12.04
254,1384,2021.12.04
1110,1427,2021.12.04
257,659,2021.12.05
131,947,2021.12.05
125,434,2021.12.06
254,434,2021.12.06
77,531,2021.12.06
1147,603,2021.12.06
1050,868,2021.12.06
106,868,2021.12.06
240,1270,2021.12.06
310,1270,2021.12.06
202,1270,2021.12.06
77,1270,2021.12.06
77,1270,2021.12.06
70,1270,2021.12.06
294,1270,2021.12.06
193,1270,2021.12.06
77,1357,2021.12.06
153,264,2021.12.07
1112,688,2021.12.07
308,688,2021.12.07
222,688,2021.12.07
1147,16,2021.12.08
1049,196,2021.12.08
1111,196,2021.12.08
110,196,2021.12.08
1094,216,2021.12.08
358,227,2021.12.08
1054,227,2021.12.08
326,227,2021.12.08
133,289,2021.12.08
1051,299,2021.12.08
1050,299,2021.12.08
1094,326,2021.12.08
1072,368,2021.12.08
362,368,2021.12.08
133,368,2021.12.08
133,368,2021.12.08
133,368,2021.12.08
133,368,2021.12.08
140,368,2021.12.08
318,368,2021.12.08
135,368,2021.12.08
135,368,2021.12.08
135,368,2021.12.08
135,368,2021.12.08
75,368,2021.12.08
310,368,2021.12.08
310,368,2021.12.08
310,368,2021.12.08
310,368,2021.12.08
139,368,2021.12.08
226,368,2021.12.08
194,368,2021.12.08
148,368,2021.12.08
148,368,2021.12.08
148,368,2021.12.08
254,368,2021.12.08
254,368,2021.12.08
244,368,2021.12.08
345,368,2021.12.08
77,368,2021.12.08
162,368,2021.12.08
325,368,2021.12.08
326,368,2021.12.08
70,368,2021.12.08
66,368,2021.12.08
81,368,2021.12.08
81,368,2021.12.08
81,368,2021.12.08
81,368,2021.12.08
81,368,2021.12.08
253,368,2021.12.08
253,368,2021.12.08
253,368,2021.12.08
253,368,2021.12.08
253,368,2021.12.08
253,368,2021.12.08
253,368,2021.12.08
253,368,2021.12.08
253,368,2021.12.08
220,368,2021.12.08
220,368,2021.12.08
100,368,2021.12.08
100,368,2021.12.08
222,368,2021.12.08
82,368,2021.12.08
224,368,2021.12.08
224,368,2021.12.08
346,391,2021.12.08
148,391,2021.12.08
219,505,2021.12.08
277,505,2021.12.08
362,527,2021.12.08
140,527,2021.12.08
135,527,2021.12.08
198,527,2021.12.08
75,527,2021.12.08
202,527,2021.12.08
1147,621,2021.12.08
64,851,2021.12.08
70,851,2021.12.08
72,937,2021.12.08
194,937,2021.12.08
194,937,2021.12.08
194,937,2021.12.08
194,937,2021.12.08
194,937,2021.12.08
194,937,2021.12.08
194,937,2021.12.08
194,937,2021.12.08
194,937,2021.12.08
194,937,2021.12.08
194,937,2021.12.08
330,937,2021.12.08
80,937,2021.12.08
77,1023,2021.12.08
1147,1100,2021.12.08
116,1100,2021.12.08
148,1100,2021.12.08
1092,1100,2021.12.08
219,1100,2021.12.08
70,1125,2021.12.08
1037,1383,2021.12.08
249,1383,2021.12.08
92,1383,2021.12.08
162,1383,2021.12.08
70,1383,2021.12.08
81,1383,2021.12.08
80,1383,2021.12.08
133,36,2021.12.09
77,282,2021.12.09
1147,391,2021.12.09
1147,449,2021.12.09
182,521,2021.12.09
181,521,2021.12.09
1147,533,2021.12.09
133,603,2021.12.10
1107,719,2021.12.10
1051,820,2021.12.10
1064,151,2021.12.11
1050,414,2021.12.11
147,414,2021.12.11
1061,414,2021.12.11
222,414,2021.12.11
346,470,2021.12.12
226,470,2021.12.12
1094,319,2021.12.13
249,361,2021.12.13
357,512,2021.12.13
194,516,2021.12.13
76,516,2021.12.13
82,719,2021.12.13
100,976,2021.12.13
70,1107,2021.12.13
77,1126,2021.12.13
133,1135,2021.12.13
257,1135,2021.12.13
312,1135,2021.12.13
224,1135,2021.12.13
254,127,2021.12.14
181,239,2021.12.14
254,510,2021.12.14
1094,688,2021.12.14
1061,688,2021.12.14
193,688,2021.12.14
133,766,2021.12.14
133,766,2021.12.14
133,766,2021.12.14
1147,797,2021.12.14
1064,883,2021.12.14
208,903,2021.12.14
190,903,2021.12.14
151,987,2021.12.14
1147,1130,2021.12.14
190,1431,2021.12.14
194,8,2021.12.15
96,250,2021.12.15
202,291,2021.12.15
327,291,2021.12.15
224,291,2021.12.15
133,621,2021.12.15
1065,860,2021.12.15
1147,933,2021.12.15
194,1296,2021.12.15
1147,1317,2021.12.15
1147,1317,2021.12.15
133,1317,2021.12.15
1051,1317,2021.12.15
257,1317,2021.12.15
257,1317,2021.12.15
148,1317,2021.12.15
249,1425,2021.12.15
249,1425,2021.12.15
202,250,2021.12.16
70,250,2021.12.16
82,250,2021.12.16
257,505,2021.12.16
198,534,2021.12.16
202,534,2021.12.16
1007,534,2021.12.16
148,549,2021.12.16
276,549,2021.12.16
70,859,2021.12.16
194,101,2021.12.17
1064,101,2021.12.17
1147,278,2021.12.17
133,278,2021.12.17
133,278,2021.12.17
64,283,2021.12.17
1094,319,2021.12.17
190,319,2021.12.17
294,319,2021.12.17
80,319,2021.12.17
82,319,2021.12.17
96,470,2021.12.17
1147,509,2021.12.17
131,688,2021.12.17
133,720,2021.12.17
276,778,2021.12.17
70,982,2021.12.17
1094,1203,2021.12.17
194,1266,2021.12.17
202,1266,2021.12.17
1147,258,2021.12.18
249,1110,2021.12.18
1094,1186,2021.12.18
76,1226,2021.12.18
76,1226,2021.12.18
1094,1227,2021.12.18
190,1227,2021.12.18
1064,95,2021.12.19
257,279,2021.12.19
95,279,2021.12.19
182,279,2021.12.19
224,937,2021.12.19
95,1157,2021.12.19
1049,18,2021.12.20
77,281,2021.12.20
1094,423,2021.12.20
346,470,2021.12.20
1147,505,2021.12.20
77,568,2021.12.20
77,568,2021.12.20
77,568,2021.12.20
1093,737,2021.12.20
320,819,2021.12.20
70,1085,2021.12.20
77,13,2021.12.21
309,131,2021.12.21
64,137,2021.12.21
133,137,2021.12.21
1019,137,2021.12.21
1021,137,2021.12.21
115,137,2021.12.21
1012,137,2021.12.21
70,194,2021.12.21
70,194,2021.12.21
224,194,2021.12.21
133,219,2021.12.21
226,521,2021.12.21
70,628,2021.12.21
334,632,2021.12.21
77,676,2021.12.21
198,685,2021.12.21
194,869,2021.12.21
1147,1054,2021.12.21
133,1111,2021.12.21
135,1121,2021.12.21
77,1123,2021.12.21
224,1271,2021.12.21
282,1419,2021.12.21
86,1419,2021.12.21
88,1419,2021.12.21
1140,1419,2021.12.21
283,1419,2021.12.21
1129,1419,2021.12.21
70,154,2021.12.22
194,373,2021.12.22
89,373,2021.12.22
75,458,2021.12.22
133,475,2021.12.22
1092,500,2021.12.22
1064,508,2021.12.22
222,508,2021.12.22
1147,819,2021.12.22
133,901,2021.12.22
133,901,2021.12.22
278,901,2021.12.22
224,979,2021.12.22
1094,1001,2021.12.22
70,1299,2021.12.22
1136,1299,2021.12.22
144,1419,2021.12.22
327,139,2021.12.23
224,139,2021.12.23
1142,143,2021.12.23
162,143,2021.12.23
335,143,2021.12.23
80,329,2021.12.23
1136,349,2021.12.23
87,409,2021.12.23
362,470,2021.12.23
309,470,2021.12.23
182,719,2021.12.23
255,719,2021.12.23
202,1013,2021.12.23
197,1291,2021.12.23
199,1291,2021.12.23
304,227,2021.12.24
202,227,2021.12.24
244,227,2021.12.24
77,227,2021.12.24
90,227,2021.12.24
89,227,2021.12.24
89,227,2021.12.24
162,227,2021.12.24
326,227,2021.12.24
276,227,2021.12.24
276,227,2021.12.24
120,227,2021.12.24
121,227,2021.12.24
1096,683,2021.12.24
133,683,2021.12.24
194,683,2021.12.24
70,683,2021.12.24
1094,683,2021.12.24
75,739,2021.12.24
1147,768,2021.12.24
75,768,2021.12.24
197,819,2021.12.24
199,819,2021.12.24
1094,844,2021.12.24
243,990,2021.12.24
76,1329,2021.12.24
194,1395,2021.12.24
77,1395,2021.12.24
141,0,2021.12.25
194,201,2021.12.25
1094,201,2021.12.25
294,201,2021.12.25
1050,265,2021.12.25
1049,446,2021.12.25
1061,627,2021.12.25
346,685,2021.12.25
254,1226,2021.12.25
66,1226,2021.12.25
358,140,2021.12.26
358,140,2021.12.26
1064,434,2021.12.26
77,1442,2021.12.26
194,264,2021.12.27
77,264,2021.12.27
1061,264,2021.12.27
1094,533,2021.12.27
1061,790,2021.12.27
309,798,2021.12.27
309,798,2021.12.27
194,845,2021.12.27
1094,845,2021.12.27
190,845,2021.12.27
70,883,2021.12.27
1064,883,2021.12.27
224,986,2021.12.27
226,999,2021.12.27
226,999,2021.12.27
77,1023,2021.12.27
70,1197,2021.12.27
202,1212,2021.12.27
70,1212,2021.12.27
194,1235,2021.12.27
87,1396,2021.12.27
1105,5,2021.12.28
1147,290,2021.12.28
77,729,2021.12.28
224,729,2021.12.28
1094,757,2021.12.28
70,878,2021.12.28
254,1133,2021.12.28
254,1133,2021.12.28
1112,1133,2021.12.28
66,1133,2021.12.28
153,260,2021.12.29
257,260,2021.12.29
257,260,2021.12.29
257,260,2021.12.29
194,260,2021.12.29
70,260,2021.12.29
148,302,2021.12.29
276,302,2021.12.29
70,591,2021.12.29
93,1067,2021.12.29
116,1197,2021.12.29
202,1393,2021.12.29
1147,43,2021.12.30
320,260,2021.12.30
87,260,2021.12.30
148,260,2021.12.30
77,260,2021.12.30
66,260,2021.12.30
224,264,2021.12.30
70,982,2021.12.30
194,1061,2021.12.30
77,1061,2021.12.30
75,1169,2021.12.30
194,1169,2021.12.30
194,1169,2021.12.30
93,1169,2021.12.30
1094,1169,2021.12.30
1094,1175,2021.12.30
135,1377,2021.12.30
194,260,2021.12.31
362,470,2021.12.31
1061,470,2021.12.31
202,655,2021.12.31
202,726,2021.12.31
207,819,2021.12.31
86,819,2021.12.31
1112,934,2021.12.31
202,279,2022.01.01
324,518,2022.01.01
198,655,2022.01.01
257,914,2022.01.01
70,914,2022.01.01
257,978,2022.01.01
194,978,2022.01.01
202,978,2022.01.01
202,988,2022.01.01
324,988,2022.01.01
70,988,2022.01.01
1020,500,2022.01.02
1098,631,2022.01.02
70,655,2022.01.02
1094,1224,2022.01.02
202,1393,2022.01.02
182,744,2022.01.03
208,911,2022.01.03
1094,913,2022.01.03
1111,952,2022.01.03
133,302,2022.01.04
151,516,2022.01.04
231,516,2022.01.04
133,603,2022.01.04
77,934,2022.01.04
70,934,2022.01.04
1094,1126,2022.01.04
1094,1126,2022.01.04
190,1126,2022.01.04
362,224,2022.01.05
133,224,2022.01.05
297,224,2022.01.05
224,260,2022.01.05
1167,522,2022.01.05
324,1312,2022.01.05
1012,1312,2022.01.05
1147,1417,2022.01.05
1102,107,2022.01.06
133,107,2022.01.06
1037,107,2022.01.06
126,262,2022.01.06
89,262,2022.01.06
255,262,2022.01.06
1123,386,2022.01.06
1054,591,2022.01.06
194,22,2022.01.07
194,816,2022.01.07
140,1276,2022.01.07
106,1276,2022.01.07
202,80,2022.01.08
1043,80,2022.01.08
1094,176,2022.01.08
294,176,2022.01.08
193,176,2022.01.08
194,207,2022.01.08
194,272,2022.01.08
70,280,2022.01.08
1147,412,2022.01.08
1112,688,2022.01.08
133,867,2022.01.08
77,1133,2022.01.08
299,1133,2022.01.08
1092,1362,2022.01.08
194,148,2022.01.09
77,148,2022.01.09
70,148,2022.01.09
77,187,2022.01.09
1085,187,2022.01.09
1094,423,2022.01.09
1094,423,2022.01.09
309,627,2022.01.09
255,260,2022.01.10
1112,268,2022.01.10
135,300,2022.01.10
1119,391,2022.01.10
225,512,2022.01.10
77,512,2022.01.10
1021,512,2022.01.10
276,512,2022.01.10
193,512,2022.01.10
193,512,2022.01.10
354,25,2022.01.11
77,25,2022.01.11
70,25,2022.01.11
75,148,2022.01.11
276,148,2022.01.11
133,204,2022.01.11
202,204,2022.01.11
76,260,2022.01.11
70,260,2022.01.11
81,260,2022.01.11
1098,260,2022.01.11
1061,260,2022.01.11
72,300,2022.01.11
346,300,2022.01.11
1064,532,2022.01.11
1064,532,2022.01.11
1112,688,2022.01.11
275,1126,2022.01.11
282,1126,2022.01.11
77,1433,2022.01.11
294,20,2022.01.12
1094,124,2022.01.12
294,124,2022.01.12
133,257,2022.01.12
135,257,2022.01.12
70,260,2022.01.12
1123,260,2022.01.12
1115,260,2022.01.12
193,260,2022.01.12
70,302,2022.01.12
257,331,2022.01.12
1019,782,2022.01.12
88,819,2022.01.12
1147,1019,2022.01.12
95,1026,2022.01.12
324,1026,2022.01.12
90,1026,2022.01.12
89,1026,2022.01.12
326,1026,2022.01.12
1092,1026,2022.01.12
227,1026,2022.01.12
81,1026,2022.01.12
1129,1099,2022.01.12
77,1194,2022.01.12
198,137,2022.01.13
202,137,2022.01.13
70,137,2022.01.13
1012,137,2022.01.13
1012,137,2022.01.13
1013,137,2022.01.13
1014,137,2022.01.13
1147,373,2022.01.13
151,373,2022.01.13
231,373,2022.01.13
1136,373,2022.01.13
1147,667,2022.01.13
1147,667,2022.01.13
1147,667,2022.01.13
1051,774,2022.01.13
1065,811,2022.01.13
124,997,2022.01.13
77,1083,2022.01.13
96,1083,2022.01.13
1147,1237,2022.01.13
89,1341,2022.01.13
1102,38,2022.01.14
70,38,2022.01.14
133,257,2022.01.14
1094,423,2022.01.14
194,988,2022.01.14
253,988,2022.01.14
190,988,2022.01.14
124,997,2022.01.14
126,997,2022.01.14
222,1007,2022.01.14
64,1237,2022.01.14
220,1306,2022.01.14
77,1308,2022.01.14
70,1362,2022.01.14
133,284,2022.01.15
275,284,2022.01.15
282,284,2022.01.15
135,284,2022.01.15
77,284,2022.01.15
70,284,2022.01.15
1098,284,2022.01.15
133,317,2022.01.15
1043,513,2022.01.15
1092,513,2022.01.15
1094,513,2022.01.15
309,513,2022.01.15
95,774,2022.01.15
77,1194,2022.01.15
1049,1213,2022.01.15
198,1317,2022.01.15
194,24,2022.01.16
1094,24,2022.01.16
148,391,2022.01.16
1094,488,2022.01.16
1167,518,2022.01.16
1094,771,2022.01.16
1061,771,2022.01.16
294,771,2022.01.16
77,1071,2022.01.16
70,1071,2022.01.16
148,1083,2022.01.16
194,41,2022.01.17
310,658,2022.01.17
81,658,2022.01.17
77,736,2022.01.17
1092,1156,2022.01.17
77,1379,2022.01.17
1167,1379,2022.01.17
310,187,2022.01.18
1043,187,2022.01.18
1018,281,2022.01.18
77,420,2022.01.18
70,420,2022.01.18
220,1019,2022.01.18
327,1104,2022.01.18
77,1109,2022.01.18
1051,1171,2022.01.18
76,1171,2022.01.18
1166,1171,2022.01.18
81,1283,2022.01.18
194,47,2022.01.19
70,272,2022.01.19
133,290,2022.01.19
133,290,2022.01.19
194,290,2022.01.19
240,685,2022.01.19
93,685,2022.01.19
1167,809,2022.01.19
1147,812,2022.01.19
70,1008,2022.01.19
75,1100,2022.01.19
1065,222,2022.01.20
1150,227,2022.01.20
224,272,2022.01.20
1096,325,2022.01.20
310,325,2022.01.20
141,336,2022.01.20
141,336,2022.01.20
257,336,2022.01.20
1092,336,2022.01.20
133,391,2022.01.20
135,391,2022.01.20
66,391,2022.01.20
77,560,2022.01.20
310,773,2022.01.20
1061,988,2022.01.20
151,1098,2022.01.20
231,1098,2022.01.20
64,1318,2022.01.20
208,67,2022.01.21
194,67,2022.01.21
76,67,2022.01.21
1094,69,2022.01.21
345,92,2022.01.21
324,92,2022.01.21
306,294,2022.01.21
198,294,2022.01.21
81,380,2022.01.21
70,398,2022.01.21
1098,398,2022.01.21
257,425,2022.01.21
354,476,2022.01.21
306,498,2022.01.21
1147,526,2022.01.21
70,626,2022.01.21
231,660,2022.01.21
1050,665,2022.01.21
358,736,2022.01.21
224,780,2022.01.21
1102,898,2022.01.21
1140,988,2022.01.21
1139,988,2022.01.21
202,1063,2022.01.21
70,1063,2022.01.21
1136,1167,2022.01.21
304,1171,2022.01.21
303,1171,2022.01.21
93,1171,2022.01.21
153,1263,2022.01.21
162,1263,2022.01.21
77,1279,2022.01.21
77,1285,2022.01.21
70,1285,2022.01.21
81,1343,2022.01.21
81,1343,2022.01.21
81,1343,2022.01.21
1094,46,2022.01.22
194,160,2022.01.22
77,160,2022.01.22
65,222,2022.01.22
315,262,2022.01.22
1110,262,2022.01.22
1016,262,2022.01.22
1092,262,2022.01.22
1094,262,2022.01.22
283,330,2022.01.22
1147,832,2022.01.22
240,946,2022.01.22
1094,963,2022.01.22
1061,963,2022.01.22
309,963,2022.01.22
313,988,2022.01.22
93,988,2022.01.22
95,988,2022.01.22
77,988,2022.01.22
70,988,2022.01.22
202,1280,2022.01.22
1064,1415,2022.01.22
275,193,2022.01.23
240,193,2022.01.23
116,193,2022.01.23
313,193,2022.01.23
95,193,2022.01.23
276,193,2022.01.23
77,290,2022.01.23
340,303,2022.01.23
1049,303,2022.01.23
1094,376,2022.01.23
147,414,2022.01.23
309,414,2022.01.23
148,542,2022.01.23
112,737,2022.01.23
190,786,2022.01.23
294,786,2022.01.23
193,879,2022.01.23
257,1112,2022.01.23
257,1112,2022.01.23
207,1116,2022.01.23
198,1277,2022.01.23
254,1277,2022.01.23
1098,1277,2022.01.23
194,1379,2022.01.23
194,83,2022.01.24
75,267,2022.01.24
75,267,2022.01.24
75,267,2022.01.24
280,267,2022.01.24
135,279,2022.01.24
257,483,2022.01.24
70,483,2022.01.24
87,512,2022.01.24
194,600,2022.01.24
133,618,2022.01.24
1147,659,2022.01.24
77,789,2022.01.24
1147,819,2022.01.24
241,819,2022.01.24
77,861,2022.01.24
299,861,2022.01.24
333,896,2022.01.24
298,968,2022.01.24
1150,1126,2022.01.24
1149,1126,2022.01.24
1137,1126,2022.01.24
151,1182,2022.01.24
1061,226,2022.01.25
352,247,2022.01.25
1147,272,2022.01.25
303,291,2022.01.25
1049,291,2022.01.25
1107,291,2022.01.25
1107,291,2022.01.25
1107,291,2022.01.25
1092,291,2022.01.25
280,291,2022.01.25
1049,410,2022.01.25
1054,435,2022.01.25
1016,435,2022.01.25
326,435,2022.01.25
1167,435,2022.01.25
197,571,2022.01.25
197,586,2022.01.25
202,591,2022.01.25
64,613,2022.01.25
1147,613,2022.01.25
133,613,2022.01.25
198,613,2022.01.25
77,681,2022.01.25
282,885,2022.01.25
1147,990,2022.01.25
194,1005,2022.01.25
77,1005,2022.01.25
1147,1177,2022.01.25
77,1277,2022.01.25
304,168,2022.01.26
148,168,2022.01.26
115,193,2022.01.26
1092,260,2022.01.26
1147,272,2022.01.26
141,272,2022.01.26
148,272,2022.01.26
198,273,2022.01.26
1111,273,2022.01.26
334,435,2022.01.26
335,435,2022.01.26
81,435,2022.01.26
1037,693,2022.01.26
77,741,2022.01.26
249,806,2022.01.26
1071,926,2022.01.26
135,931,2022.01.26
93,1174,2022.01.26
93,1174,2022.01.26
283,1192,2022.01.26
257,290,2022.01.27
190,290,2022.01.27
1092,418,2022.01.27
1147,92,2022.01.28
81,92,2022.01.28
1061,92,2022.01.28
1007,435,2022.01.28
151,505,2022.01.28
153,523,2022.01.28
208,523,2022.01.28
1012,585,2022.01.28
197,894,2022.01.28
1112,1127,2022.01.28
1049,1249,2022.01.28
194,1019,2022.01.29
1094,1019,2022.01.29
1012,137,2022.01.30
1013,137,2022.01.30
1123,875,2022.01.30
1051,8,2022.01.31
1112,146,2022.01.31
133,211,2022.01.31
1049,211,2022.01.31
70,211,2022.01.31
1051,272,2022.01.31
350,415,2022.01.31
1094,1413,2022.01.31
202,685,2022.02.01
249,1047,2022.02.01
249,1047,2022.02.01
1007,1099,2022.02.01
197,316,2022.02.02
294,1196,2022.02.02
141,63,2022.02.03
1012,63,2022.02.03
1147,168,2022.02.03
199,168,2022.02.03
133,519,2022.02.03
144,519,2022.02.03
1050,519,2022.02.03
130,519,2022.02.03
202,519,2022.02.03
81,519,2022.02.03
194,525,2022.02.03
231,525,2022.02.03
1061,1223,2022.02.03
1043,8,2022.02.04
77,8,2022.02.04
1085,8,2022.02.04
70,8,2022.02.04
1092,8,2022.02.04
1112,1324,2022.02.04
1013,1371,2022.02.04
1054,1430,2022.02.04
1167,1430,2022.02.04
133,211,2022.02.05
70,466,2022.02.05
81,664,2022.02.05
89,1003,2022.02.05
81,1003,2022.02.05
198,75,2022.02.06
1147,529,2022.02.06
88,529,2022.02.06
310,529,2022.02.06
1102,785,2022.02.06
275,785,2022.02.06
124,785,2022.02.06
135,1019,2022.02.06
340,1019,2022.02.06
141,276,2022.02.07
1094,621,2022.02.07
196,621,2022.02.07
294,1196,2022.02.07
116,1290,2022.02.07
197,1290,2022.02.07
133,109,2022.02.08
1051,245,2022.02.08
304,245,2022.02.08
276,265,2022.02.08
141,360,2022.02.08
257,389,2022.02.08
194,389,2022.02.08
1094,532,2022.02.08
70,590,2022.02.08
70,683,2022.02.08
1147,751,2022.02.08
1049,800,2022.02.08
222,1002,2022.02.08
257,1019,2022.02.08
257,1019,2022.02.08
77,1245,2022.02.08
77,28,2022.02.09
70,28,2022.02.09
1113,100,2022.02.09
1049,174,2022.02.09
70,260,2022.02.09
1049,479,2022.02.09
1094,557,2022.02.09
202,802,2022.02.09
303,978,2022.02.09
227,990,2022.02.09
135,1041,2022.02.09
133,1149,2022.02.09
139,1159,2022.02.09
194,1177,2022.02.09
202,1245,2022.02.09
77,1275,2022.02.09
151,44,2022.02.10
1137,44,2022.02.10
133,109,2022.02.10
257,109,2022.02.10
1074,116,2022.02.10
72,221,2022.02.10
199,249,2022.02.10
1136,249,2022.02.10
1061,249,2022.02.10
309,249,2022.02.10
1094,281,2022.02.10
292,627,2022.02.10
310,938,2022.02.10
121,938,2022.02.10
122,938,2022.02.10
131,938,2022.02.10
202,1000,2022.02.10
1061,1060,2022.02.10
135,1159,2022.02.10
331,1287,2022.02.10
1050,1293,2022.02.10
1050,1293,2022.02.10
257,219,2022.02.11
292,249,2022.02.11
1050,260,2022.02.11
202,260,2022.02.11
77,260,2022.02.11
325,260,2022.02.11
70,260,2022.02.11
70,260,2022.02.11
81,260,2022.02.11
1115,260,2022.02.11
120,260,2022.02.11
298,260,2022.02.11
194,389,2022.02.11
81,454,2022.02.11
81,454,2022.02.11
1099,461,2022.02.11
304,461,2022.02.11
280,526,2022.02.11
1112,556,2022.02.11
135,686,2022.02.11
1167,934,2022.02.11
281,978,2022.02.11
280,978,2022.02.11
222,987,2022.02.11
81,1337,2022.02.11
82,1337,2022.02.11
304,1373,2022.02.11
93,1373,2022.02.11
81,1373,2022.02.11
257,556,2022.02.12
257,669,2022.02.12
194,678,2022.02.12
254,1229,2022.02.12
77,1401,2022.02.12
280,787,2022.02.13
1094,566,2022.02.14
310,1200,2022.02.14
325,1293,2022.02.14
334,1293,2022.02.14
1147,1322,2022.02.14
88,67,2022.02.15
87,67,2022.02.15
1147,128,2022.02.15
257,128,2022.02.15
194,128,2022.02.15
304,128,2022.02.15
77,128,2022.02.15
224,128,2022.02.15
227,437,2022.02.15
202,591,2022.02.15
135,638,2022.02.15
1164,737,2022.02.15
309,787,2022.02.15
110,938,2022.02.15
151,1172,2022.02.15
148,1172,2022.02.15
202,1344,2022.02.15
1085,1344,2022.02.15
1014,1344,2022.02.15
194,77,2022.02.16
139,120,2022.02.16
70,260,2022.02.16
1115,260,2022.02.16
1165,290,2022.02.16
1187,391,2022.02.16
1050,391,2022.02.16
194,391,2022.02.16
130,391,2022.02.16
1043,391,2022.02.16
1111,391,2022.02.16
190,391,2022.02.16
64,140,2022.02.17
1051,140,2022.02.17
313,140,2022.02.17
93,140,2022.02.17
1074,140,2022.02.17
1094,140,2022.02.17
1094,140,2022.02.17
197,200,2022.02.17
141,360,2022.02.17
1147,368,2022.02.17
257,395,2022.02.17
257,395,2022.02.17
257,395,2022.02.17
257,395,2022.02.17
318,523,2022.02.17
81,526,2022.02.17
81,526,2022.02.17
194,584,2022.02.17
227,682,2022.02.17
320,706,2022.02.17
325,1344,2022.02.17
1092,1345,2022.02.17
1064,135,2022.02.18
194,363,2022.02.18
70,372,2022.02.18
1061,448,2022.02.18
254,480,2022.02.18
77,480,2022.02.18
335,687,2022.02.18
257,720,2022.02.18
133,1111,2022.02.18
90,1345,2022.02.18
89,1345,2022.02.18
81,1345,2022.02.18
198,191,2022.02.19
202,191,2022.02.19
1198,539,2022.02.19
1118,539,2022.02.19
76,780,2022.02.19
89,1125,2022.02.19
346,671,2022.02.20
253,1220,2022.02.20
350,67,2022.02.21
202,819,2022.02.21
194,1099,2022.02.21
1170,1379,2022.02.21
133,36,2022.02.22
133,36,2022.02.22
135,36,2022.02.22
194,70,2022.02.22
1092,88,2022.02.22
141,267,2022.02.22
1098,284,2022.02.22
1062,284,2022.02.22
1062,284,2022.02.22
194,405,2022.02.22
202,466,2022.02.22
70,466,2022.02.22
257,477,2022.02.22
275,521,2022.02.22
346,521,2022.02.22
197,521,2022.02.22
135,539,2022.02.22
1098,572,2022.02.22
1166,587,2022.02.22
1094,621,2022.02.22
141,865,2022.02.22
1050,865,2022.02.22
257,865,2022.02.22
1199,889,2022.02.22
81,1023,2022.02.22
1092,1266,2022.02.22
135,1295,2022.02.22
93,1295,2022.02.22
135,1350,2022.02.22
1092,1391,2022.02.22
1060,1409,2022.02.22
133,110,2022.02.23
133,158,2022.02.23
194,260,2022.02.23
1147,438,2022.02.23
1147,813,2022.02.23
1198,848,2022.02.23
1101,848,2022.02.23
135,1130,2022.02.23
135,1130,2022.02.23
77,1130,2022.02.23
75,1408,2022.02.23
75,1408,2022.02.23
1150,1408,2022.02.23
1137,1408,2022.02.23
254,290,2022.02.24
77,290,2022.02.24
222,505,2022.02.24
116,561,2022.02.24
202,825,2022.02.24
208,1118,2022.02.24
133,1424,2022.02.24
133,1424,2022.02.24
133,1424,2022.02.24
310,1424,2022.02.24
257,1424,2022.02.24
202,1424,2022.02.24
202,1424,2022.02.24
202,1424,2022.02.24
345,1424,2022.02.24
162,1424,2022.02.24
326,1424,2022.02.24
70,1424,2022.02.24
1092,1424,2022.02.24
1061,1424,2022.02.24
1099,76,2022.02.25
72,76,2022.02.25
151,76,2022.02.25
231,76,2022.02.25
112,76,2022.02.25
133,110,2022.02.25
89,165,2022.02.25
77,389,2022.02.25
257,532,2022.02.25
335,917,2022.02.25
194,1435,2022.02.25
194,429,2022.02.26
81,429,2022.02.26
135,607,2022.02.26
1167,691,2022.02.26
1187,1090,2022.02.26
1112,1090,2022.02.26
1016,4,2022.02.27
1092,222,2022.02.27
225,388,2022.02.27
1115,388,2022.02.27
1012,466,2022.02.27
1013,466,2022.02.27
194,1244,2022.02.27
77,27,2022.02.28
1170,591,2022.02.28
1147,737,2022.02.28
240,737,2022.02.28
194,1437,2022.02.28
198,290,2022.03.01
75,515,2022.03.01
162,515,2022.03.01
326,515,2022.03.01
320,1009,2022.03.01
89,1009,2022.03.01
1147,1019,2022.03.01
1187,1030,2022.03.01
1134,1031,2022.03.01
257,804,2022.03.02
82,905,2022.03.02
133,1210,2022.03.02
64,67,2022.03.03
148,137,2022.03.03
81,270,2022.03.03
1094,430,2022.03.03
1147,459,2022.03.03
1094,525,2022.03.03
190,525,2022.03.03
294,525,2022.03.03
142,649,2022.03.03
198,649,2022.03.03
151,819,2022.03.03
151,819,2022.03.03
1094,1031,2022.03.03
1167,1089,2022.03.03
1196,1089,2022.03.03
202,1405,2022.03.03
70,1405,2022.03.03
340,221,2022.03.04
257,300,2022.03.04
70,466,2022.03.04
1166,466,2022.03.04
1102,756,2022.03.04
105,756,2022.03.04
87,756,2022.03.04
194,767,2022.03.04
1094,913,2022.03.04
294,913,2022.03.04
1093,1019,2022.03.04
75,1019,2022.03.04
240,1019,2022.03.04
345,1089,2022.03.04
77,1089,2022.03.04
133,1182,2022.03.04
1147,1404,2022.03.04
133,1404,2022.03.04
310,1404,2022.03.04
70,33,2022.03.05
141,360,2022.03.05
1112,713,2022.03.05
194,1336,2022.03.05
1147,681,2022.03.06
200,681,2022.03.06
1147,689,2022.03.06
133,689,2022.03.06
257,689,2022.03.06
138,770,2022.03.06
139,770,2022.03.06
254,994,2022.03.06
67,994,2022.03.06
299,994,2022.03.06
254,462,2022.03.07
280,550,2022.03.07
133,733,2022.03.07
1198,848,2022.03.07
1054,1147,2022.03.07
1064,1277,2022.03.07
194,9,2022.03.08
1054,236,2022.03.08
95,774,2022.03.08
1136,831,2022.03.08
194,907,2022.03.08
346,910,2022.03.08
346,953,2022.03.08
77,994,2022.03.08
1147,1123,2022.03.08
77,1123,2022.03.08
309,1174,2022.03.08
346,1183,2022.03.08
1007,1201,2022.03.08
194,1246,2022.03.08
77,1246,2022.03.08
1094,1246,2022.03.08
194,85,2022.03.09
1037,205,2022.03.10
116,205,2022.03.10
280,205,2022.03.10
81,424,2022.03.10
98,424,2022.03.10
148,701,2022.03.10
1190,1026,2022.03.10
222,1286,2022.03.10
1092,279,2022.03.11
70,536,2022.03.11
1012,536,2022.03.11
1013,536,2022.03.11
257,1050,2022.03.11
1020,1050,2022.03.11
202,1380,2022.03.11
140,560,2022.03.12
194,907,2022.03.12
194,939,2022.03.12
194,939,2022.03.12
133,990,2022.03.12
1094,990,2022.03.12
139,71,2022.03.13
1051,487,2022.03.13
70,631,2022.03.13
1051,726,2022.03.13
77,726,2022.03.13
320,1008,2022.03.13
208,1008,2022.03.13
188,1008,2022.03.13
257,1008,2022.03.13
313,1008,2022.03.13
1107,1008,2022.03.13
298,1008,2022.03.13
194,1277,2022.03.13
1115,42,2022.03.14
133,112,2022.03.14
77,112,2022.03.14
70,112,2022.03.14
1201,257,2022.03.14
76,288,2022.03.14
194,863,2022.03.14
280,1211,2022.03.14
358,1371,2022.03.14
1016,1371,2022.03.14
81,1371,2022.03.14
81,1371,2022.03.14
1094,1371,2022.03.14
362,1422,2022.03.14
362,1422,2022.03.14
313,121,2022.03.15
93,121,2022.03.15
231,288,2022.03.15
162,288,2022.03.15
222,298,2022.03.15
1012,536,2022.03.15
1013,536,2022.03.15
1170,538,2022.03.15
1054,778,2022.03.15
326,778,2022.03.15
86,1085,2022.03.15
87,1085,2022.03.15
115,1239,2022.03.15
135,1295,2022.03.15
194,1437,2022.03.15
70,1437,2022.03.15
345,216,2022.03.16
1050,335,2022.03.16
1020,382,2022.03.16
1061,393,2022.03.16
1094,1007,2022.03.16
190,1007,2022.03.16
1057,1097,2022.03.16
330,118,2022.03.17
1190,216,2022.03.17
202,227,2022.03.17
89,227,2022.03.17
276,227,2022.03.17
194,270,2022.03.17
89,270,2022.03.17
135,468,2022.03.17
194,1050,2022.03.17
254,1050,2022.03.17
1147,1236,2022.03.17
70,1236,2022.03.17
77,1297,2022.03.17
194,1422,2022.03.17
1064,16,2022.03.18
194,26,2022.03.18
77,62,2022.03.18
1147,280,2022.03.18
133,645,2022.03.18
135,1177,2022.03.18
70,1177,2022.03.18
231,245,2022.03.19
70,245,2022.03.19
1092,490,2022.03.19
1094,490,2022.03.19
1136,740,2022.03.19
66,939,2022.03.19
1094,1211,2022.03.19
194,143,2022.03.20
1137,143,2022.03.20
1134,143,2022.03.20
1147,472,2022.03.20
1147,523,2022.03.20
141,865,2022.03.20
82,1027,2022.03.20
81,1040,2022.03.20
81,1040,2022.03.20
1094,1259,2022.03.20
190,1259,2022.03.20
1054,1379,2022.03.20
334,805,2022.03.21
334,805,2022.03.21
82,1178,2022.03.21
77,1299,2022.03.21
1189,374,2022.03.22
1177,374,2022.03.22
1165,527,2022.03.22
1113,821,2022.03.22
194,863,2022.03.22
194,1284,2022.03.22
1150,1306,2022.03.22
1107,249,2022.03.23
1167,249,2022.03.23
1167,249,2022.03.23
1064,249,2022.03.23
106,392,2022.03.23
64,797,2022.03.23
1207,797,2022.03.23
148,797,2022.03.23
1020,797,2022.03.23
1092,797,2022.03.23
1165,797,2022.03.23
1202,797,2022.03.23
1134,797,2022.03.23
1132,797,2022.03.23
80,797,2022.03.23
82,797,2022.03.23
194,1264,2022.03.23
96,1264,2022.03.23
1207,1398,2022.03.23
1201,1398,2022.03.23
1199,1398,2022.03.23
1198,1398,2022.03.23
346,1398,2022.03.23
194,1398,2022.03.23
1167,1398,2022.03.23
1147,612,2022.03.24
334,697,2022.03.24
253,826,2022.03.24
331,1232,2022.03.24
145,67,2022.03.25
1202,994,2022.03.25
1147,143,2022.03.26
362,143,2022.03.26
135,143,2022.03.26
346,143,2022.03.26
278,143,2022.03.26
257,219,2022.03.26
77,219,2022.03.26
77,219,2022.03.26
77,219,2022.03.26
70,219,2022.03.26
224,219,2022.03.26
1147,523,2022.03.26
1134,523,2022.03.26
133,589,2022.03.26
1098,290,2022.03.27
197,463,2022.03.27
1049,1011,2022.03.27
202,1114,2022.03.27
135,173,2022.03.28
197,173,2022.03.28
280,249,2022.03.29
1051,967,2022.03.29
1147,701,2022.03.30
1147,701,2022.03.30
133,701,2022.03.30
133,701,2022.03.30
254,701,2022.03.30
257,622,2022.03.31
133,257,2022.04.01
1137,1335,2022.04.01
194,1339,2022.04.01
194,857,2022.04.02
1105,923,2022.04.02
194,1301,2022.04.02
194,322,2022.04.03
334,854,2022.04.03
151,1030,2022.04.03
199,1030,2022.04.03
81,268,2022.04.04
77,709,2022.04.04
190,1376,2022.04.04
1051,45,2022.04.05
93,45,2022.04.05
202,45,2022.04.05
77,45,2022.04.05
224,45,2022.04.05
194,347,2022.04.05
194,580,2022.04.05
249,637,2022.04.05
93,1365,2022.04.05
89,79,2022.04.06
194,166,2022.04.06
1167,233,2022.04.06
194,411,2022.04.06
1167,445,2022.04.06
1147,1145,2022.04.06
130,65,2022.04.08
93,65,2022.04.08
1064,65,2022.04.08
224,65,2022.04.08
133,101,2022.04.08
194,281,2022.04.08
1203,666,2022.04.08
77,666,2022.04.08
77,1140,2022.04.08
70,1140,2022.04.08
1167,784,2022.04.09
194,958,2022.04.09
70,958,2022.04.09
190,1143,2022.04.09
1201,49,2022.04.10
1054,546,2022.04.10
278,643,2022.04.10
194,698,2022.04.10
1105,783,2022.04.10
1094,264,2022.04.11
190,264,2022.04.11
190,264,2022.04.11
193,264,2022.04.11
65,272,2022.04.11
202,858,2022.04.11
254,858,2022.04.11
1043,858,2022.04.11
1092,858,2022.04.11
1212,893,2022.04.11
194,1062,2022.04.11
77,1062,2022.04.11
1092,704,2022.04.12
77,1008,2022.04.12
1092,1008,2022.04.12
334,511,2022.04.13
81,511,2022.04.13
1014,774,2022.04.13
362,978,2022.04.13
257,978,2022.04.13
148,981,2022.04.13
96,1125,2022.04.13
334,1292,2022.04.13
1147,1372,2022.04.13
194,443,2022.04.14
363,592,2022.04.14
1092,906,2022.04.14
64,84,2022.04.15
1093,110,2022.04.15
133,110,2022.04.15
197,508,2022.04.15
116,693,2022.04.15
1201,761,2022.04.15
292,761,2022.04.15
190,761,2022.04.15
1093,867,2022.04.15
1093,867,2022.04.15
1093,867,2022.04.15
133,867,2022.04.15
93,867,2022.04.15
148,867,2022.04.15
148,867,2022.04.15
202,867,2022.04.15
81,867,2022.04.15
1124,867,2022.04.15
1111,867,2022.04.15
1111,867,2022.04.15
1111,867,2022.04.15
220,867,2022.04.15
1187,981,2022.04.15
130,1438,2022.04.15
66,1438,2022.04.15
1094,1438,2022.04.15
1064,1438,2022.04.15
64,143,2022.04.16
133,143,2022.04.16
1051,143,2022.04.16
202,143,2022.04.16
1007,143,2022.04.16
1107,143,2022.04.16
82,143,2022.04.16
89,425,2022.04.16
1093,748,2022.04.16
304,748,2022.04.16
1169,895,2022.04.16
1169,990,2022.04.16
1064,990,2022.04.16
1187,1030,2022.04.16
93,1030,2022.04.16
1092,1250,2022.04.16
225,1294,2022.04.16
1064,783,2022.04.17
1107,1376,2022.04.17
1050,414,2022.04.18
103,414,2022.04.18
105,414,2022.04.18
87,414,2022.04.18
148,414,2022.04.18
1128,414,2022.04.18
89,414,2022.04.18
1105,414,2022.04.18
194,592,2022.04.18
1061,592,2022.04.18
75,1015,2022.04.18
1049,1250,2022.04.18
1094,149,2022.04.19
190,149,2022.04.19
1113,307,2022.04.19
66,369,2022.04.19
1012,369,2022.04.19
77,432,2022.04.19
70,443,2022.04.19
1105,514,2022.04.19
1064,595,2022.04.19
1064,595,2022.04.19
1014,815,2022.04.19
130,978,2022.04.19
1157,1029,2022.04.19
1105,1030,2022.04.19
304,1051,2022.04.19
303,1051,2022.04.19
314,1051,2022.04.19
70,1051,2022.04.19
1169,1176,2022.04.19
194,1176,2022.04.19
148,1176,2022.04.19
77,1176,2022.04.19
257,1306,2022.04.19
70,90,2022.04.20
1167,193,2022.04.20
77,295,2022.04.20
1064,295,2022.04.20
130,327,2022.04.20
130,327,2022.04.20
331,327,2022.04.20
331,327,2022.04.20
331,327,2022.04.20
65,407,2022.04.20
330,711,2022.04.20
81,1019,2022.04.20
77,1110,2022.04.20
193,1128,2022.04.20
1049,2,2022.04.21
1054,10,2022.04.21
70,10,2022.04.21
202,90,2022.04.21
1051,404,2022.04.21
1014,733,2022.04.21
95,774,2022.04.21
1092,810,2022.04.21
124,997,2022.04.21
1201,1306,2022.04.21
75,1306,2022.04.21
254,149,2022.04.22
280,149,2022.04.22
257,246,2022.04.22
89,246,2022.04.22
1107,291,2022.04.22
1092,691,2022.04.22
1094,1053,2022.04.22
194,312,2022.04.23
1136,312,2022.04.23
1094,312,2022.04.23
190,312,2022.04.23
148,707,2022.04.23
133,39,2022.04.24
1217,91,2022.04.24
77,91,2022.04.24
72,554,2022.04.24
77,972,2022.04.24
139,49,2022.04.25
70,279,2022.04.25
280,616,2022.04.25
1102,827,2022.04.25
140,827,2022.04.25
1170,1026,2022.04.25
1113,1026,2022.04.25
70,1026,2022.04.25
1113,1242,2022.04.25
304,1306,2022.04.25
345,1306,2022.04.25
93,559,2022.04.26
283,603,2022.04.26
1094,1033,2022.04.26
1196,1181,2022.04.26
153,17,2022.04.27
1217,17,2022.04.27
219,17,2022.04.27
194,112,2022.04.27
207,183,2022.04.27
190,379,2022.04.27
1190,603,2022.04.27
1169,1106,2022.04.27
1064,1106,2022.04.27
77,1261,2022.04.27
1111,1261,2022.04.27
277,1261,2022.04.27
1050,504,2022.04.28
331,532,2022.04.28
331,537,2022.04.28
346,902,2022.04.28
1187,949,2022.04.28
278,1003,2022.04.28
135,1307,2022.04.28
194,1440,2022.04.28
326,1440,2022.04.28
1167,356,2022.04.29
1093,1051,2022.04.29
153,1051,2022.04.29
334,1051,2022.04.29
1049,1250,2022.04.29
1092,1250,2022.04.29
254,161,2022.04.30
1054,293,2022.04.30
1092,293,2022.04.30
1201,55,2022.05.02
70,55,2022.05.02
1216,78,2022.05.02
1054,216,2022.05.02
1092,267,2022.05.02
81,290,2022.05.02
276,291,2022.05.02
135,323,2022.05.02
1169,355,2022.05.02
95,451,2022.05.02
280,451,2022.05.02
222,508,2022.05.02
254,509,2022.05.02
70,593,2022.05.02
1129,641,2022.05.02
81,790,2022.05.02
64,856,2022.05.02
219,882,2022.05.02
133,920,2022.05.02
1092,959,2022.05.02
1014,959,2022.05.02
335,1250,2022.05.02
1092,16,2022.05.03
1112,21,2022.05.03
1158,78,2022.05.03
1054,309,2022.05.03
1106,309,2022.05.03
1049,830,2022.05.03
64,992,2022.05.03
135,1190,2022.05.03
77,1207,2022.05.03
70,1207,2022.05.03
1092,1207,2022.05.03
1093,1208,2022.05.03
299,1208,2022.05.03
135,1288,2022.05.03
153,1288,2022.05.03
1054,1288,2022.05.03
77,1288,2022.05.03
1094,3,2022.05.04
190,3,2022.05.04
1198,78,2022.05.04
1223,78,2022.05.04
133,384,2022.05.04
257,395,2022.05.04
257,395,2022.05.04
1112,489,2022.05.04
309,489,2022.05.04
1007,551,2022.05.04
70,551,2022.05.04
194,715,2022.05.04
362,799,2022.05.04
357,1040,2022.05.04
81,1040,2022.05.04
81,1040,2022.05.04
1187,1122,2022.05.04
72,1164,2022.05.04
320,1288,2022.05.04
77,575,2022.05.05
77,680,2022.05.05
70,680,2022.05.05
224,680,2022.05.05
335,738,2022.05.05
139,865,2022.05.05
1051,865,2022.05.05
1147,1019,2022.05.05
1057,1122,2022.05.05
64,1272,2022.05.05
318,1272,2022.05.05
135,1272,2022.05.05
135,1272,2022.05.05
75,1272,2022.05.05
194,1272,2022.05.05
194,1272,2022.05.05
76,1272,2022.05.05
254,1272,2022.05.05
1054,1272,2022.05.05
66,1272,2022.05.05
299,1272,2022.05.05
335,1272,2022.05.05
276,1272,2022.05.05
1013,1272,2022.05.05
1014,1272,2022.05.05
81,1272,2022.05.05
81,1272,2022.05.05
81,1272,2022.05.05
81,1272,2022.05.05
81,1272,2022.05.05
81,1272,2022.05.05
81,1272,2022.05.05
81,1272,2022.05.05
81,1272,2022.05.05
1214,1272,2022.05.05
1124,1272,2022.05.05
1111,1272,2022.05.05
363,1272,2022.05.05
219,1272,2022.05.05
220,1272,2022.05.05
222,1272,2022.05.05
96,243,2022.05.06
98,243,2022.05.06
77,579,2022.05.06
1092,579,2022.05.06
1136,579,2022.05.06
1094,579,2022.05.06
294,579,2022.05.06
193,579,2022.05.06
76,40,2022.05.07
1199,59,2022.05.07
1149,59,2022.05.07
81,253,2022.05.07
1064,318,2022.05.07
81,613,2022.05.07
93,1043,2022.05.07
92,1320,2022.05.07
94,1320,2022.05.07
224,290,2022.05.08
1111,474,2022.05.08
1064,474,2022.05.08
1064,474,2022.05.08
1136,620,2022.05.08
64,856,2022.05.08
130,862,2022.05.08
148,862,2022.05.08
224,862,2022.05.08
133,990,2022.05.08
103,1294,2022.05.08
105,1294,2022.05.08
190,1294,2022.05.08
193,1294,2022.05.08
1198,1306,2022.05.08
153,1306,2022.05.08
153,1306,2022.05.08
1189,391,2022.05.09
1167,597,2022.05.09
153,1306,2022.05.09
133,284,2022.05.10
257,384,2022.05.10
254,384,2022.05.10
190,433,2022.05.10
96,433,2022.05.10
304,474,2022.05.10
93,790,2022.05.10
254,790,2022.05.10
1064,790,2022.05.10
1201,852,2022.05.10
93,938,2022.05.10
1147,1100,2022.05.10
148,1100,2022.05.10
148,1100,2022.05.10
327,1100,2022.05.10
325,1100,2022.05.10
81,1100,2022.05.10
81,1100,2022.05.10
1112,1142,2022.05.10
1205,34,2022.05.11
1054,98,2022.05.11
1085,98,2022.05.11
1092,98,2022.05.11
194,218,2022.05.11
1113,218,2022.05.11
89,218,2022.05.11
1092,218,2022.05.11
1190,218,2022.05.11
70,565,2022.05.11
194,1103,2022.05.11
1094,19,2022.05.12
225,82,2022.05.12
254,82,2022.05.12
1214,82,2022.05.12
1111,82,2022.05.12
1064,82,2022.05.12
224,82,2022.05.12
190,136,2022.05.12
1138,268,2022.05.12
332,268,2022.05.12
330,268,2022.05.12
331,268,2022.05.12
1049,284,2022.05.12
151,608,2022.05.12
340,835,2022.05.12
224,835,2022.05.12
153,855,2022.05.12
77,855,2022.05.12
70,855,2022.05.12
219,855,2022.05.12
220,855,2022.05.12
1050,938,2022.05.12
93,938,2022.05.12
257,978,2022.05.12
194,1042,2022.05.12
81,1042,2022.05.12
194,1216,2022.05.12
77,1216,2022.05.12
1094,1418,2022.05.12
194,1441,2022.05.12
133,32,2022.05.13
1092,328,2022.05.13
280,573,2022.05.13
1094,573,2022.05.13
1064,573,2022.05.13
190,573,2022.05.13
254,674,2022.05.13
1105,674,2022.05.13
66,674,2022.05.13
299,674,2022.05.13
224,674,2022.05.13
95,774,2022.05.13
77,933,2022.05.13
1111,933,2022.05.13
153,1040,2022.05.15
358,1040,2022.05.15
324,1040,2022.05.15
208,1043,2022.05.15
135,173,2022.05.16
141,238,2022.05.16
82,526,2022.05.16
190,818,2022.05.16
1207,1187,2022.05.16
194,283,2022.05.17
93,283,2022.05.17
70,283,2022.05.17
1064,283,2022.05.17
197,440,2022.05.17
194,440,2022.05.17
194,1125,2022.05.17
130,1327,2022.05.17
1064,1327,2022.05.17
220,1327,2022.05.17
224,1327,2022.05.17
194,1328,2022.05.17
70,1328,2022.05.17
1216,1328,2022.05.17
340,91,2022.05.18
340,91,2022.05.18
77,91,2022.05.18
81,268,2022.05.18
332,268,2022.05.18
82,268,2022.05.18
194,977,2022.05.18
1147,1349,2022.05.19
1147,1349,2022.05.19
1203,296,2022.05.20
1169,296,2022.05.20
70,337,2022.05.20
194,486,2022.05.20
1214,508,2022.05.20
254,988,2022.05.20
66,988,2022.05.20
299,988,2022.05.20
254,108,2022.05.21
1107,291,2022.05.21
257,334,2022.05.21
148,933,2022.05.21
130,1062,2022.05.21
77,1062,2022.05.21
70,1062,2022.05.21
1111,1062,2022.05.21
219,1062,2022.05.21
220,1062,2022.05.21
224,1062,2022.05.21
148,1313,2022.05.21
153,67,2022.05.22
77,139,2022.05.22
1085,139,2022.05.22
70,139,2022.05.22
1092,139,2022.05.22
70,318,2022.05.22
304,290,2022.05.23
303,290,2022.05.23
93,290,2022.05.23
148,290,2022.05.23
1013,307,2022.05.23
1132,481,2022.05.23
190,1053,2022.05.23
294,1053,2022.05.23
1050,1314,2022.05.23
224,12,2022.05.24
1169,67,2022.05.24
93,67,2022.05.24
220,91,2022.05.24
1092,105,2022.05.24
1092,105,2022.05.24
1199,115,2022.05.24
202,117,2022.05.24
77,117,2022.05.24
70,117,2022.05.24
224,117,2022.05.24
362,232,2022.05.24
1054,267,2022.05.24
77,267,2022.05.24
70,267,2022.05.24
1064,267,2022.05.24
224,267,2022.05.24
332,268,2022.05.24
330,268,2022.05.24
1201,282,2022.05.24
1094,314,2022.05.24
153,353,2022.05.24
1111,353,2022.05.24
219,353,2022.05.24
81,366,2022.05.24
1054,419,2022.05.24
1216,440,2022.05.24
64,463,2022.05.24
353,471,2022.05.24
224,509,2022.05.24
70,563,2022.05.24
1054,596,2022.05.24
194,619,2022.05.24
106,640,2022.05.24
194,708,2022.05.24
77,708,2022.05.24
70,708,2022.05.24
1094,716,2022.05.24
331,716,2022.05.24
110,737,2022.05.24
141,752,2022.05.24
194,758,2022.05.24
1216,776,2022.05.24
1064,776,2022.05.24
224,814,2022.05.24
1105,866,2022.05.24
1216,866,2022.05.24
194,883,2022.05.24
130,970,2022.05.24
96,970,2022.05.24
116,983,2022.05.24
1167,1022,2022.05.24
1198,1026,2022.05.24
320,1038,2022.05.24
346,1038,2022.05.24
346,1038,2022.05.24
75,1038,2022.05.24
1099,1074,2022.05.24
77,1177,2022.05.24
208,1197,2022.05.24
1201,1217,2022.05.24
92,1219,2022.05.24
194,1228,2022.05.24
66,1303,2022.05.24
194,1328,2022.05.24
77,1357,2022.05.24
148,1397,2022.05.24
202,1397,2022.05.24
254,1397,2022.05.24
70,1397,2022.05.24
81,1397,2022.05.24
1037,1429,2022.05.24
1201,49,2022.05.25
224,51,2022.05.25
1196,56,2022.05.25
1062,56,2022.05.25
1167,552,2022.05.25
275,943,2022.05.25
100,953,2022.05.25
77,1095,2022.05.25
153,1306,2022.05.25
153,364,2022.05.26
130,364,2022.05.26
81,364,2022.05.26
1230,990,2022.05.26
1107,1139,2022.05.26
1158,1187,2022.05.26
1126,1187,2022.05.26
1230,147,2022.05.27
292,147,2022.05.27
1219,147,2022.05.27
1187,147,2022.05.27
1169,147,2022.05.27
130,147,2022.05.27
1216,147,2022.05.27
280,147,2022.05.27
1224,147,2022.05.27
1094,147,2022.05.27
190,147,2022.05.27
220,147,2022.05.27
193,147,2022.05.27
1054,404,2022.05.27
75,948,2022.05.27
1214,1304,2022.05.27
133,1306,2022.05.27
1016,1319,2022.05.27
1085,1319,2022.05.27
1092,1319,2022.05.27
1065,1381,2022.05.27
346,220,2022.05.28
198,220,2022.05.28
1166,1035,2022.05.28
87,1300,2022.05.28
327,690,2022.05.29
1064,690,2022.05.29
222,690,2022.05.29
133,1149,2022.05.29
90,416,2022.05.30
194,699,2022.05.30
77,699,2022.05.30
77,699,2022.05.30
224,699,2022.05.30
254,1144,2022.05.30
326,1144,2022.05.30
332,1144,2022.05.30
330,1144,2022.05.30
1219,220,2022.05.31
1164,364,2022.05.31
153,364,2022.05.31
76,682,2022.05.31
1093,942,2022.05.31
1092,942,2022.05.31
133,291,2022.06.01
1147,759,2022.06.01
95,846,2022.06.01
222,639,2022.06.02
81,695,2022.06.02
1065,1363,2022.06.02
353,1363,2022.06.02
70,1363,2022.06.02
81,1363,2022.06.02
193,1363,2022.06.02
340,91,2022.06.03
219,91,2022.06.03
72,526,2022.06.03
1170,846,2022.06.03
95,846,2022.06.03
194,1360,2022.06.03
331,523,2022.06.04
224,702,2022.06.04
1098,89,2022.06.05
135,221,2022.06.05
1051,221,2022.06.05
81,221,2022.06.05
148,526,2022.06.05
93,654,2022.06.05
77,654,2022.06.05
1064,654,2022.06.05
1203,61,2022.06.06
1064,164,2022.06.06
254,368,2022.06.06
81,368,2022.06.06
224,368,2022.06.06
70,1177,2022.06.06
116,15,2022.06.07
75,509,2022.06.07
363,52,2022.06.08
1094,358,2022.06.08
89,416,2022.06.08
334,416,2022.06.08
194,453,2022.06.08
194,453,2022.06.08
202,453,2022.06.08
254,453,2022.06.08
77,453,2022.06.08
77,453,2022.06.08
70,453,2022.06.08
1094,718,2022.06.08
89,1088,2022.06.08
133,1306,2022.06.08
199,1306,2022.06.08
1065,677,2022.06.09
93,1193,2022.06.09
1105,106,2022.06.10
1136,106,2022.06.10
194,218,2022.06.10
126,232,2022.06.10
1094,245,2022.06.10
194,553,2022.06.10
1074,553,2022.06.10
1166,553,2022.06.10
1037,675,2022.06.10
1092,675,2022.06.10
1051,699,2022.06.10
1007,803,2022.06.10
1092,803,2022.06.10
202,1141,2022.06.10
194,1177,2022.06.10
148,1177,2022.06.10
77,1177,2022.06.10
133,371,2022.06.11
1094,385,2022.06.11
1062,385,2022.06.11
190,385,2022.06.11
294,385,2022.06.11
93,569,2022.06.11
133,588,2022.06.11
1105,717,2022.06.11
1207,764,2022.06.11
133,1028,2022.06.11
1051,1302,2022.06.11
77,1328,2022.06.11
70,1328,2022.06.11
1216,1328,2022.06.11
224,1328,2022.06.11
194,228,2022.06.12
1112,703,2022.06.12
222,903,2022.06.13
1112,99,2022.06.14
1112,169,2022.06.14
77,219,2022.06.14
1051,357,2022.06.14
93,357,2022.06.14
1064,357,2022.06.14
77,977,2022.06.14
77,1230,2022.06.14
1214,1230,2022.06.14
1064,1230,2022.06.14
153,1306,2022.06.14
196,23,2022.06.15
202,64,2022.06.15
70,64,2022.06.15
1105,64,2022.06.15
1106,64,2022.06.15
194,93,2022.06.15
1061,182,2022.06.15
1214,371,2022.06.15
1187,485,2022.06.15
197,485,2022.06.15
148,485,2022.06.15
1178,535,2022.06.15
133,663,2022.06.15
335,774,2022.06.15
1147,1002,2022.06.15
304,1038,2022.06.15
257,1218,2022.06.15
1092,366,2022.06.16
77,576,2022.06.16
224,576,2022.06.16
72,588,2022.06.16
257,588,2022.06.16
282,1191,2022.06.16
224,1195,2022.06.16
1064,93,2022.06.17
304,122,2022.06.17
303,122,2022.06.17
133,348,2022.06.17
1214,573,2022.06.17
1064,573,2022.06.17
224,573,2022.06.17
257,576,2022.06.17
254,1289,2022.06.17
147,1294,2022.06.17
111,1294,2022.06.17
70,1411,2022.06.17
81,1443,2022.06.17
77,501,2022.06.18
147,670,2022.06.18
1070,847,2022.06.18
77,27,2022.06.20
1094,333,2022.06.20
135,594,2022.06.20
133,705,2022.06.20
1050,728,2022.06.20
1050,728,2022.06.20
197,728,2022.06.20
151,728,2022.06.20
194,728,2022.06.20
231,728,2022.06.20
199,728,2022.06.20
148,30,2022.06.21
95,30,2022.06.21
153,264,2022.06.21
1051,264,2022.06.21
303,264,2022.06.21
77,264,2022.06.21
70,264,2022.06.21
280,264,2022.06.21
1051,267,2022.06.21
308,267,2022.06.21
148,469,2022.06.21
1198,764,2022.06.21
1147,1383,2022.06.21
1093,1383,2022.06.21
1217,111,2022.06.22
77,503,2022.06.22
95,755,2022.06.22
1092,755,2022.06.22
81,755,2022.06.22
70,762,2022.06.22
77,1230,2022.06.22
70,1230,2022.06.22
66,1230,2022.06.22
77,6,2022.06.23
1198,60,2022.06.23
133,212,2022.06.23
147,465,2022.06.23
254,465,2022.06.23
81,465,2022.06.23
190,495,2022.06.23
135,555,2022.06.23
133,919,2022.06.23
1093,1035,2022.06.23
257,1035,2022.06.23
93,1035,2022.06.23
1190,1035,2022.06.23
89,1323,2022.06.23
1113,1350,2022.06.23
257,83,2022.06.24
70,94,2022.06.24
1092,94,2022.06.24
224,482,2022.06.24
141,958,2022.06.24
310,994,2022.06.24
254,994,2022.06.24
1214,994,2022.06.24
1064,994,2022.06.24
257,1026,2022.06.24
141,1075,2022.06.24
281,208,2022.06.25
280,208,2022.06.25
1112,401,2022.06.25
93,760,2022.06.25
1216,760,2022.06.25
1178,1294,2022.06.25
1051,1294,2022.06.25
66,308,2022.06.26
224,308,2022.06.26
257,1171,2022.06.26
1049,162,2022.06.27
254,162,2022.06.27
66,162,2022.06.27
89,257,2022.06.27
314,267,2022.06.27
202,413,2022.06.27
66,413,2022.06.27
77,443,2022.06.27
162,450,2022.06.27
276,450,2022.06.27
90,779,2022.06.27
1224,881,2022.06.27
1049,1032,2022.06.27
1224,1205,2022.06.27
363,1205,2022.06.27
77,1402,2022.06.27
70,1402,2022.06.27
153,102,2022.06.28
286,212,2022.06.28
1051,267,2022.06.28
1051,267,2022.06.28
304,267,2022.06.28
304,267,2022.06.28
304,267,2022.06.28
304,267,2022.06.28
304,267,2022.06.28
304,267,2022.06.28
304,267,2022.06.28
93,267,2022.06.28
93,267,2022.06.28
93,267,2022.06.28
93,267,2022.06.28
93,267,2022.06.28
202,267,2022.06.28
70,267,2022.06.28
1216,267,2022.06.28
1049,419,2022.06.28
224,419,2022.06.28
1122,529,2022.06.28
1169,983,2022.06.28
1217,1171,2022.06.28
130,1171,2022.06.28
70,1171,2022.06.28
310,1175,2022.06.28
326,1175,2022.06.28
194,1180,2022.06.28
202,1180,2022.06.28
254,1180,2022.06.28
77,1180,2022.06.28
81,1180,2022.06.28
224,1180,2022.06.28
1147,1249,2022.06.28
141,1281,2022.06.28
135,1310,2022.06.28
64,1334,2022.06.28
65,1408,2022.06.28
1094,11,2022.06.29
153,37,2022.06.29
77,37,2022.06.29
277,76,2022.06.29
1203,180,2022.06.29
93,180,2022.06.29
1106,180,2022.06.29
1113,184,2022.06.29
70,460,2022.06.29
1051,528,2022.06.29
1054,528,2022.06.29
1102,720,2022.06.29
133,720,2022.06.29
70,807,2022.06.29
77,964,2022.06.29
141,1311,2022.06.29
1203,1325,2022.06.29
117,276,2022.06.30
324,276,2022.06.30
330,276,2022.06.30
194,310,2022.06.30
224,310,2022.06.30
81,562,2022.06.30
1170,583,2022.06.30
77,944,2022.06.30
327,944,2022.06.30
70,944,2022.06.30
224,944,2022.06.30
257,1102,2022.06.30
93,1204,2022.06.30
70,1206,2022.06.30
1049,1256,2022.06.30
1094,131,2022.07.01
190,131,2022.07.01
193,131,2022.07.01
133,181,2022.07.01
1050,301,2022.07.01
1051,375,2022.07.01
93,375,2022.07.01
254,375,2022.07.01
1085,375,2022.07.01
280,945,2022.07.01
70,1049,2022.07.01
253,1432,2022.07.01
198,73,2022.07.02
75,277,2022.07.02
77,499,2022.07.02
133,940,2022.07.02
304,1418,2022.07.02
1094,1418,2022.07.02
1150,313,2022.07.03
120,313,2022.07.03
294,371,2022.07.03
1214,419,2022.07.03
222,793,2022.07.03
224,793,2022.07.03
194,924,2022.07.03
362,17,2022.07.04
292,17,2022.07.04
1051,17,2022.07.04
70,17,2022.07.04
1064,443,2022.07.04
194,444,2022.07.04
202,1070,2022.07.04
241,1269,2022.07.04
198,284,2022.07.05
198,284,2022.07.05
198,284,2022.07.05
240,284,2022.07.05
194,284,2022.07.05
249,284,2022.07.05
243,284,2022.07.05
244,284,2022.07.05
162,284,2022.07.05
326,284,2022.07.05
110,284,2022.07.05
1142,371,2022.07.05
194,403,2022.07.05
130,421,2022.07.05
93,421,2022.07.05
1214,421,2022.07.05
1214,421,2022.07.05
190,421,2022.07.05
224,421,2022.07.05
362,523,2022.07.05
1105,553,2022.07.05
93,941,2022.07.05
333,949,2022.07.05
257,1267,2022.07.05
1214,31,2022.07.06
148,68,2022.07.06
1093,163,2022.07.06
130,163,2022.07.06
77,163,2022.07.06
77,163,2022.07.06
70,163,2022.07.06
1111,163,2022.07.06
1064,163,2022.07.06
224,163,2022.07.06
147,291,2022.07.06
1093,357,2022.07.06
1093,357,2022.07.06
153,357,2022.07.06
1217,357,2022.07.06
1217,357,2022.07.06
1051,357,2022.07.06
1051,357,2022.07.06
1051,357,2022.07.06
304,357,2022.07.06
93,357,2022.07.06
281,357,2022.07.06
281,357,2022.07.06
254,357,2022.07.06
95,357,2022.07.06
1043,357,2022.07.06
77,357,2022.07.06
77,357,2022.07.06
77,357,2022.07.06
1105,357,2022.07.06
66,357,2022.07.06
299,357,2022.07.06
1216,357,2022.07.06
1064,357,2022.07.06
1064,357,2022.07.06
224,357,2022.07.06
1187,362,2022.07.06
131,618,2022.07.06
131,618,2022.07.06
131,618,2022.07.06
70,904,2022.07.06
1094,904,2022.07.06
190,904,2022.07.06
294,904,2022.07.06
1043,949,2022.07.06
1198,1072,2022.07.06
77,1158,2022.07.06
1094,1158,2022.07.06
1214,1382,2022.07.06
1136,1382,2022.07.06
1064,1382,2022.07.06
197,226,2022.07.07
199,226,2022.07.07
1167,293,2022.07.07
1214,293,2022.07.07
1093,304,2022.07.07
153,304,2022.07.07
194,362,2022.07.07
93,443,2022.07.07
299,509,2022.07.07
182,528,2022.07.07
1093,763,2022.07.07
153,763,2022.07.07
1106,765,2022.07.07
1216,765,2022.07.07
340,774,2022.07.07
72,1024,2022.07.07
1092,1024,2022.07.07
1111,1034,2022.07.07
1217,1204,2022.07.07
1203,1204,2022.07.07
1178,1204,2022.07.07
1214,1204,2022.07.07
1064,1204,2022.07.07
133,1314,2022.07.07
345,1314,2022.07.07
1124,1314,2022.07.07
224,1314,2022.07.07
153,1340,2022.07.07
93,1340,2022.07.07
148,1340,2022.07.07
162,1340,2022.07.07
87,97,2022.07.08
77,254,2022.07.08
70,276,2022.07.08
153,441,2022.07.08
153,441,2022.07.08
358,441,2022.07.08
1064,441,2022.07.08
224,441,2022.07.08
200,460,2022.07.08
1203,505,2022.07.08
95,527,2022.07.08
1207,551,2022.07.08
320,560,2022.07.08
147,772,2022.07.08
200,823,2022.07.08
70,1027,2022.07.08
81,1108,2022.07.08
72,1221,2022.07.08
1187,226,2022.07.09
254,272,2022.07.09
299,272,2022.07.09
197,581,2022.07.09
1093,1037,2022.07.09
1092,1037,2022.07.09
281,273,2022.07.10
1106,273,2022.07.10
280,273,2022.07.10
1216,760,2022.07.10
153,1243,2022.07.10
77,1243,2022.07.10
66,1364,2022.07.10
1064,1364,2022.07.10
1198,87,2022.07.11
81,170,2022.07.11
89,578,2022.07.11
1049,1003,2022.07.11
1105,1379,2022.07.11
70,170,2022.07.12
193,467,2022.07.12
193,577,2022.07.12
345,1231,2022.07.12
325,1231,2022.07.12
1105,1231,2022.07.12
133,60,2022.07.13
130,113,2022.07.13
1064,178,2022.07.13
292,193,2022.07.13
292,193,2022.07.13
1051,193,2022.07.13
95,193,2022.07.13
345,193,2022.07.13
1012,193,2022.07.13
197,194,2022.07.13
64,264,2022.07.13
1050,264,2022.07.13
1092,315,2022.07.13
75,365,2022.07.13
257,390,2022.07.13
141,469,2022.07.13
1220,551,2022.07.13
1093,726,2022.07.13
70,950,2022.07.13
153,1179,2022.07.13
70,1330,2022.07.13
1106,1330,2022.07.13
98,23,2022.07.14
1177,150,2022.07.14
77,262,2022.07.14
77,262,2022.07.14
222,275,2022.07.14
1093,304,2022.07.14
153,304,2022.07.14
333,335,2022.07.14
334,335,2022.07.14
334,335,2022.07.14
335,335,2022.07.14
81,370,2022.07.14
89,387,2022.07.14
334,987,2022.07.14
334,987,2022.07.14
93,1105,2022.07.14
202,1105,2022.07.14
1092,172,2022.07.15
77,679,2022.07.15
1214,679,2022.07.15
1054,760,2022.07.15
243,839,2022.07.15
244,839,2022.07.15
190,839,2022.07.15
1214,1036,2022.07.15
77,1243,2022.07.15
162,1243,2022.07.15
1092,1243,2022.07.15
1093,114,2022.07.16
1092,114,2022.07.16
1111,114,2022.07.16
219,114,2022.07.16
220,114,2022.07.16
320,221,2022.07.16
133,221,2022.07.16
133,362,2022.07.16
1201,726,2022.07.16
1187,818,2022.07.16
1064,818,2022.07.16
64,881,2022.07.16
81,23,2022.07.17
77,1025,2022.07.17
194,1222,2022.07.17
130,1222,2022.07.17
141,1238,2022.07.17
93,692,2022.07.18
1020,692,2022.07.18
162,692,2022.07.18
254,1382,2022.07.18
299,1382,2022.07.18
196,1382,2022.07.18
82,1382,2022.07.18
194,104,2022.07.19
202,397,2022.07.19
77,397,2022.07.19
224,452,2022.07.19
292,653,2022.07.19
1064,679,2022.07.19
304,700,2022.07.19
70,700,2022.07.19
1092,700,2022.07.19
85,918,2022.07.19
1092,1020,2022.07.19
1124,1062,2022.07.19
363,1062,2022.07.19
308,1062,2022.07.19
1134,1306,2022.07.19
70,1309,2022.07.19
1093,1383,2022.07.19
1196,91,2022.07.20
1199,391,2022.07.20
1199,391,2022.07.20
1093,391,2022.07.20
133,391,2022.07.20
144,391,2022.07.20
1217,391,2022.07.20
106,391,2022.07.20
66,391,2022.07.20
1124,391,2022.07.20
93,404,2022.07.20
1093,668,2022.07.20
304,668,2022.07.20
1105,1039,2022.07.20
224,1039,2022.07.20
257,1189,2022.07.20
77,133,2022.07.21
70,133,2022.07.21
116,408,2022.07.21
75,508,2022.07.21
145,508,2022.07.21
225,508,2022.07.21
1107,508,2022.07.21
1107,508,2022.07.21
1013,508,2022.07.21
81,508,2022.07.21
133,632,2022.07.21
95,774,2022.07.21
93,1215,2022.07.21
77,1215,2022.07.21
162,1215,2022.07.21
70,1215,2022.07.21
1093,1394,2022.07.21
1064,1,2022.07.22
133,86,2022.07.22
153,359,2022.07.22
77,359,2022.07.22
1099,621,2022.07.22
89,621,2022.07.22
1149,621,2022.07.22
1136,621,2022.07.22
145,694,2022.07.22
148,1018,2022.07.22
1203,1294,2022.07.22
1214,1294,2022.07.22
1064,1294,2022.07.22
354,91,2022.07.23
194,152,2022.07.23
1054,152,2022.07.23
77,152,2022.07.23
81,915,2022.07.23
148,1189,2022.07.23
345,1189,2022.07.23
153,1204,2022.07.23
93,1204,2022.07.23
202,242,2022.07.24
255,915,2022.07.24
320,284,2022.07.25
133,284,2022.07.25
95,284,2022.07.25
255,284,2022.07.25
255,284,2022.07.25
81,284,2022.07.25
1051,402,2022.07.25
77,402,2022.07.25
70,402,2022.07.25
1054,908,2022.07.25
1064,908,2022.07.25
190,48,2022.07.26
148,621,2022.07.26
70,621,2022.07.26
1105,621,2022.07.26
1051,714,2022.07.26
93,714,2022.07.26
1216,714,2022.07.26
77,1095,2022.07.26
1092,1095,2022.07.26
1189,1128,2022.07.26
1102,1128,2022.07.26
1043,1243,2022.07.26
70,1342,2022.07.26
66,1342,2022.07.26
1124,1342,2022.07.26
1051,58,2022.07.27
70,58,2022.07.27
1189,96,2022.07.27
133,96,2022.07.27
77,306,2022.07.27
334,650,2022.07.27
72,1315,2022.07.27
93,1338,2022.07.27
89,72,2022.07.28
1092,338,2022.07.28
222,396,2022.07.28
1092,731,2022.07.28
194,781,2022.07.28
1051,1035,2022.07.28
133,1105,2022.07.28
331,828,2022.07.29
1164,1257,2022.07.29
1043,1392,2022.07.29
219,672,2022.07.30
1093,704,2022.07.30
77,704,2022.07.30
70,704,2022.07.30
81,742,2022.07.30
1205,928,2022.07.31
147,928,2022.07.31
1111,346,2022.08.01
254,873,2022.08.01
276,899,2022.08.01
82,23,2022.08.02
194,54,2022.08.02
1054,175,2022.08.02
281,623,2022.08.02
1214,623,2022.08.02
148,1414,2022.08.02
133,1331,2022.08.03
315,253,2022.08.04
141,253,2022.08.04
141,253,2022.08.04
141,253,2022.08.04
93,428,2022.08.04
1167,428,2022.08.04
1224,428,2022.08.04
1064,558,2022.08.04
224,558,2022.08.04
320,788,2022.08.04
194,1316,2022.08.04
70,1361,2022.08.04
227,66,2022.08.05
320,696,2022.08.05
140,696,2022.08.05
1217,1294,2022.08.05
1049,1294,2022.08.05
1105,1294,2022.08.05
303,58,2022.08.06
1064,332,2022.08.06
77,673,2022.08.06
1051,264,2022.08.07
148,264,2022.08.07
1064,264,2022.08.07
222,264,2022.08.07
1102,320,2022.08.07
1124,320,2022.08.07
363,320,2022.08.07
222,320,2022.08.07
1178,949,2022.08.08
1054,1282,2022.08.08
70,1282,2022.08.08
1092,1282,2022.08.08
81,1282,2022.08.08
81,1282,2022.08.08
194,14,2022.08.09
194,14,2022.08.09
254,14,2022.08.09
1224,14,2022.08.09
93,58,2022.08.09
77,277,2022.08.09
148,367,2022.08.09
1113,484,2022.08.09
133,733,2022.08.09
1054,733,2022.08.09
1167,733,2022.08.09
135,1282,2022.08.09
1094,179,2022.08.10
93,257,2022.08.10
162,257,2022.08.10
224,257,2022.08.10
90,320,2022.08.10
89,320,2022.08.10
1050,728,2022.08.10
133,912,2022.08.10
133,912,2022.08.10
148,912,2022.08.10
81,912,2022.08.10
194,939,2022.08.10
133,1017,2022.08.10
133,1023,2022.08.10
275,1023,2022.08.10
1216,1019,2022.08.12
