,al_id,u_id,datetime
0,1230,0,2022.05.27
1,292,0,2022.05.27
2,1219,0,2022.05.27
3,1187,0,2022.05.27
4,1169,0,2022.05.27
5,1216,0,2022.05.27
6,280,0,2022.05.27
7,1224,0,2022.05.27
8,1094,0,2022.05.27
9,190,0,2022.05.27
10,220,0,2022.05.27
11,193,0,2022.05.27
12,1230,1,2022.05.26
13,207,1,2021.01.03
14,1169,1,2022.04.16
15,208,1,2021.01.03
16,257,1,2021.01.06
17,257,1,2020.10.15
18,194,1,2020.10.05
19,76,1,2020.10.08
20,202,1,2021.01.21
21,243,1,2021.12.24
22,77,1,2021.10.09
23,227,1,2022.02.09
24,1094,1,2022.03.12
25,1064,1,2022.04.16
26,1198,2,2022.06.23
27,1198,3,2022.05.04
28,1158,3,2022.05.03
29,1223,3,2022.05.04
30,1216,3,2022.05.02
31,1198,4,2022.07.11
32,1198,5,2022.02.19
33,1198,6,2022.06.21
34,1198,7,2022.03.07
35,1198,7,2022.02.23
36,1101,7,2022.02.23
37,1198,8,2022.05.24
38,275,8,2021.09.03
39,140,8,2021.09.03
40,72,8,2021.01.16
41,72,8,2020.12.24
42,145,8,2021.08.31
43,145,8,2021.01.16
44,283,8,2021.09.03
45,151,8,2021.02.06
46,151,8,2020.03.02
47,188,8,2020.03.02
48,257,8,2022.06.24
49,231,8,2020.12.19
50,202,8,2020.12.19
51,1170,8,2022.04.25
52,95,8,2022.01.12
53,1113,8,2022.04.25
54,324,8,2022.01.12
55,77,8,2021.08.04
56,90,8,2022.01.12
57,89,8,2022.01.12
58,162,8,2021.08.05
59,326,8,2022.01.12
60,70,8,2022.04.25
61,70,8,2021.01.16
62,70,8,2020.12.19
63,1092,8,2022.01.12
64,1190,8,2022.03.10
65,227,8,2022.01.12
66,81,8,2022.01.12
67,1198,9,2022.07.06
68,1198,10,2022.05.08
69,275,10,2021.09.11
70,72,10,2021.01.30
71,153,10,2022.06.14
72,153,10,2022.05.25
73,153,10,2022.05.09
74,153,10,2022.05.08
75,153,10,2022.05.08
76,257,10,2022.04.19
77,257,10,2021.01.30
78,304,10,2022.04.25
79,199,10,2022.06.08
80,345,10,2022.04.25
81,77,10,2021.09.21
82,77,10,2021.09.15
83,77,10,2021.07.29
84,1150,10,2022.03.22
85,1134,10,2022.07.19
86,220,10,2022.01.14
87,224,10,2021.09.15
88,1198,11,2022.03.23
89,194,11,2022.03.23
90,1167,11,2022.03.23
91,1158,12,2022.05.26
92,1102,13,2022.01.14
93,70,13,2022.01.14
94,1102,14,2022.01.06
95,1037,14,2022.01.06
96,1102,15,2022.08.07
97,90,15,2022.08.10
98,89,15,2022.08.10
99,1124,15,2022.08.07
100,363,15,2022.08.07
101,222,15,2022.08.07
102,1102,16,2022.06.29
103,257,16,2022.02.18
104,1049,16,2021.09.07
105,1102,17,2022.03.04
106,105,17,2022.03.04
107,87,17,2022.03.04
108,1102,18,2022.02.06
109,275,18,2022.02.06
110,1102,19,2022.04.25
111,140,19,2022.04.25
112,1102,20,2022.01.21
113,162,20,2021.11.11
114,70,20,2021.11.11
115,81,20,2021.11.11
116,1102,21,2022.07.26
117,77,21,2021.02.05
118,193,21,2022.04.20
119,1102,22,2021.10.29
120,1101,22,2021.10.28
121,202,22,2021.11.03
122,1012,22,2021.11.15
123,1093,23,2022.04.15
124,1093,24,2022.07.16
125,1092,24,2022.07.16
126,1111,24,2022.07.16
127,219,24,2022.07.16
128,220,24,2022.07.16
129,1093,25,2022.07.06
130,77,25,2022.07.06
131,77,25,2022.07.06
132,70,25,2022.07.06
133,1111,25,2022.07.06
134,1064,25,2022.07.06
135,224,25,2022.07.06
136,1093,26,2021.11.03
137,1051,26,2022.06.28
138,1051,26,2022.06.28
139,1051,26,2022.06.21
140,1051,26,2021.11.03
141,1051,26,2021.11.03
142,151,26,2020.11.23
143,257,26,2020.11.20
144,304,26,2022.06.28
145,304,26,2022.06.28
146,304,26,2022.06.28
147,304,26,2022.06.28
148,304,26,2022.06.28
149,304,26,2022.06.28
150,304,26,2022.06.28
151,93,26,2022.06.28
152,93,26,2022.06.28
153,93,26,2022.06.28
154,93,26,2022.06.28
155,93,26,2022.06.28
156,76,26,2020.11.23
157,314,26,2022.06.27
158,202,26,2022.06.28
159,1054,26,2022.05.24
160,77,26,2022.05.24
161,1019,26,2021.11.18
162,89,26,2021.11.18
163,70,26,2022.06.28
164,70,26,2022.05.24
165,1216,26,2022.06.28
166,1092,26,2022.05.02
167,1092,26,2021.11.03
168,1092,26,2021.11.03
169,1092,26,2021.11.03
170,280,26,2022.01.24
171,1064,26,2022.05.24
172,308,26,2022.06.21
173,224,26,2022.05.24
174,1093,27,2022.07.14
175,1093,27,2022.07.07
176,153,27,2022.07.14
177,153,27,2022.07.07
178,1093,28,2022.07.06
179,1093,28,2022.07.06
180,153,28,2022.07.06
181,1217,28,2022.07.06
182,1217,28,2022.07.06
183,1051,28,2022.07.06
184,1051,28,2022.07.06
185,1051,28,2022.07.06
186,1051,28,2022.06.14
187,304,28,2022.07.06
188,93,28,2022.07.06
189,93,28,2022.06.14
190,281,28,2022.07.06
191,281,28,2022.07.06
192,254,28,2022.07.06
193,95,28,2022.07.06
194,1043,28,2022.07.06
195,77,28,2022.07.06
196,77,28,2022.07.06
197,77,28,2022.07.06
198,1105,28,2022.07.06
199,66,28,2022.07.06
200,299,28,2022.07.06
201,1216,28,2022.07.06
202,1064,28,2022.07.06
203,1064,28,2022.07.06
204,1064,28,2022.06.14
205,224,28,2022.07.06
206,1093,29,2022.07.20
207,144,29,2022.07.20
208,1217,29,2022.07.20
209,1187,29,2022.02.16
210,1050,29,2022.02.16
211,283,29,2021.08.24
212,151,29,2021.07.06
213,106,29,2022.07.20
214,257,29,2021.04.06
215,194,29,2022.02.16
216,148,29,2022.01.16
217,148,29,2021.12.08
218,202,29,2021.04.06
219,340,29,2021.08.24
220,340,29,2021.08.03
221,1043,29,2022.02.16
222,77,29,2021.11.01
223,77,29,2021.06.18
224,1065,29,2021.12.02
225,70,29,2021.06.18
226,66,29,2022.07.20
227,66,29,2022.01.20
228,1013,29,2021.08.24
229,1124,29,2022.07.20
230,1119,29,2022.01.10
231,1111,29,2022.02.16
232,1098,29,2021.12.02
233,253,29,2021.10.27
234,190,29,2022.02.16
235,1093,30,2022.07.20
236,304,30,2022.07.20
237,1093,31,2022.07.30
238,77,31,2022.07.30
239,70,31,2022.07.30
240,1092,31,2022.04.12
241,1093,32,2022.07.13
242,1051,32,2022.03.13
243,202,32,2021.12.31
244,77,32,2022.03.13
245,1065,32,2021.11.24
246,227,32,2021.11.24
247,1093,33,2021.12.20
248,1093,34,2022.04.16
249,304,34,2022.04.16
250,1093,35,2022.07.07
251,153,35,2022.07.07
252,1093,36,2022.04.15
253,1093,36,2022.04.15
254,1093,36,2022.04.15
255,1093,36,2021.11.16
256,1093,36,2021.11.16
257,282,36,2021.07.22
258,86,36,2021.07.22
259,144,36,2021.07.22
260,208,36,2021.07.22
261,225,36,2021.07.22
262,257,36,2021.03.15
263,194,36,2021.11.18
264,194,36,2021.03.15
265,313,36,2021.07.22
266,93,36,2022.04.15
267,148,36,2022.04.15
268,148,36,2022.04.15
269,202,36,2022.04.15
270,162,36,2021.07.22
271,325,36,2021.03.15
272,70,36,2021.07.22
273,227,36,2021.07.22
274,81,36,2022.04.15
275,1124,36,2022.04.15
276,1111,36,2022.04.15
277,1111,36,2022.04.15
278,1111,36,2022.04.15
279,1060,36,2021.11.18
280,352,36,2021.11.18
281,220,36,2022.04.15
282,82,36,2021.11.18
283,1093,37,2022.05.31
284,1092,37,2022.05.31
285,1093,38,2021.10.16
286,257,38,2021.09.21
287,194,38,2021.10.16
288,1049,38,2021.10.16
289,182,38,2021.10.16
290,1093,39,2022.03.04
291,257,39,2022.02.08
292,257,39,2022.02.08
293,194,39,2022.01.29
294,340,39,2022.02.06
295,1065,39,2021.09.29
296,1216,39,2022.08.12
297,81,39,2022.04.20
298,1094,39,2022.01.29
299,220,39,2022.01.18
300,1093,40,2022.06.23
301,1051,40,2022.07.28
302,257,40,2022.06.23
303,93,40,2022.06.23
304,1190,40,2022.06.23
305,1166,40,2022.05.28
306,1093,41,2022.07.09
307,1092,41,2022.07.09
308,1093,42,2022.04.29
309,153,42,2022.04.29
310,194,42,2021.08.24
311,304,42,2022.04.19
312,303,42,2022.04.19
313,314,42,2022.04.19
314,1107,42,2021.11.19
315,1054,42,2021.11.20
316,77,42,2021.08.24
317,70,42,2022.04.19
318,1094,42,2021.11.05
319,196,42,2021.11.05
320,1093,43,2022.05.03
321,299,43,2022.05.03
322,1093,44,2022.07.19
323,1093,44,2022.06.21
324,144,44,2020.12.15
325,1037,44,2021.12.08
326,257,44,2020.09.10
327,194,44,2020.09.10
328,194,44,2020.09.10
329,243,44,2020.08.26
330,162,44,2021.12.08
331,70,44,2021.12.08
332,227,44,2021.03.21
333,227,44,2020.11.05
334,81,44,2021.12.08
335,81,44,2021.01.15
336,253,44,2020.11.09
337,222,44,2021.02.02
338,80,44,2021.12.08
339,296,44,2021.02.02
340,224,44,2020.08.30
341,1093,45,2022.07.21
342,1072,46,2021.12.08
343,140,46,2021.12.08
344,86,46,2021.01.05
345,65,46,2021.03.18
346,226,46,2021.12.08
347,226,46,2021.01.05
348,116,46,2021.01.05
349,350,46,2021.11.15
350,350,46,2021.10.29
351,194,46,2021.12.08
352,231,46,2021.01.05
353,148,46,2021.12.08
354,148,46,2021.12.08
355,148,46,2021.12.08
356,148,46,2021.07.20
357,254,46,2022.06.06
358,254,46,2021.12.08
359,254,46,2021.12.08
360,244,46,2021.12.08
361,345,46,2021.12.08
362,77,46,2021.12.08
363,162,46,2021.12.08
364,325,46,2021.12.08
365,326,46,2021.12.08
366,326,46,2021.03.18
367,70,46,2021.12.08
368,66,46,2021.12.08
369,66,46,2020.11.28
370,227,46,2021.07.26
371,81,46,2022.06.06
372,81,46,2021.12.08
373,81,46,2021.12.08
374,81,46,2021.12.08
375,81,46,2021.12.08
376,81,46,2021.12.08
377,81,46,2021.07.26
378,81,46,2021.07.26
379,81,46,2021.01.05
380,253,46,2021.12.08
381,253,46,2021.12.08
382,253,46,2021.12.08
383,253,46,2021.12.08
384,253,46,2021.12.08
385,253,46,2021.12.08
386,253,46,2021.12.08
387,253,46,2021.12.08
388,253,46,2021.12.08
389,253,46,2021.02.02
390,352,46,2021.08.03
391,220,46,2021.12.08
392,220,46,2021.12.08
393,100,46,2021.12.08
394,100,46,2021.12.08
395,222,46,2021.12.08
396,80,46,2020.09.11
397,82,46,2021.12.08
398,224,46,2022.06.06
399,224,46,2021.12.08
400,224,46,2021.12.08
401,1071,47,2022.01.26
402,1070,48,2022.06.18
403,275,49,2021.10.26
404,275,50,2021.12.01
405,275,51,2021.02.08
406,275,52,2022.01.23
407,292,52,2022.07.13
408,292,52,2022.07.13
409,1051,52,2022.07.13
410,116,52,2022.01.23
411,313,52,2022.01.23
412,95,52,2022.07.13
413,95,52,2022.01.23
414,345,52,2022.07.13
415,115,52,2022.01.26
416,1012,52,2022.07.13
417,1167,52,2022.04.20
418,275,53,2021.08.09
419,275,53,2021.01.25
420,275,53,2021.01.25
421,292,53,2021.08.09
422,297,53,2022.01.05
423,309,53,2021.08.09
424,275,54,2020.12.17
425,282,54,2020.12.20
426,142,54,2020.11.17
427,257,54,2021.07.28
428,194,54,2022.04.08
429,194,54,2021.07.28
430,194,54,2021.03.19
431,194,54,2020.09.07
432,231,54,2021.03.19
433,202,54,2021.03.11
434,202,54,2020.08.25
435,244,54,2020.12.03
436,77,54,2021.12.20
437,77,54,2021.03.19
438,77,54,2020.07.03
439,90,54,2019.12.13
440,1018,54,2022.01.18
441,70,54,2020.07.03
442,1092,54,2021.09.26
443,280,54,2021.03.17
444,1094,54,2022.02.10
445,308,54,2021.05.17
446,80,54,2020.12.14
447,82,54,2020.12.14
448,275,55,2022.01.15
449,282,55,2022.01.15
450,194,55,2022.07.05
451,1049,55,2022.05.12
452,95,55,2022.07.25
453,243,55,2022.07.05
454,244,55,2022.07.05
455,77,55,2022.01.15
456,162,55,2022.07.05
457,326,55,2022.07.05
458,255,55,2022.07.25
459,255,55,2022.07.25
460,70,55,2022.01.15
461,81,55,2022.07.25
462,1098,55,2022.02.22
463,1098,55,2022.01.15
464,1062,55,2022.02.22
465,1062,55,2022.02.22
466,275,56,2021.01.05
467,144,56,2019.12.15
468,208,56,2020.10.14
469,257,56,2022.01.27
470,257,56,2021.09.09
471,194,56,2022.01.19
472,304,56,2022.05.23
473,303,56,2022.05.23
474,93,56,2022.05.23
475,148,56,2022.05.23
476,200,56,2020.01.30
477,202,56,2021.03.11
478,202,56,2021.01.05
479,254,56,2022.02.24
480,95,56,2021.09.11
481,77,56,2022.02.24
482,77,56,2022.01.23
483,77,56,2021.11.24
484,162,56,2020.09.01
485,162,56,2019.12.15
486,299,56,2021.01.05
487,1165,56,2022.02.16
488,115,56,2020.12.31
489,81,56,2022.05.02
490,1098,56,2022.03.27
491,190,56,2022.01.27
492,220,56,2020.05.09
493,224,56,2022.05.08
494,275,57,2021.07.25
495,147,57,2022.07.06
496,103,57,2021.08.14
497,111,57,2021.08.15
498,105,57,2021.08.14
499,225,57,2021.08.15
500,303,57,2022.01.25
501,281,57,2021.08.06
502,202,57,2021.12.15
503,1049,57,2022.01.25
504,1049,57,2021.08.05
505,1107,57,2022.05.21
506,1107,57,2022.04.22
507,1107,57,2022.01.25
508,1107,57,2022.01.25
509,1107,57,2022.01.25
510,327,57,2021.12.15
511,1092,57,2022.01.25
512,280,57,2022.01.25
513,280,57,2021.08.07
514,309,57,2021.07.14
515,224,57,2021.12.15
516,275,58,2021.03.02
517,283,58,2021.03.02
518,275,59,2022.02.22
519,226,59,2021.12.21
520,197,59,2022.02.22
521,76,59,2021.01.17
522,202,59,2021.05.24
523,202,59,2021.05.15
524,182,59,2021.12.09
525,181,59,2021.12.09
526,275,60,2020.12.22
527,275,61,2021.11.05
528,275,62,2022.05.25
529,153,62,2021.11.20
530,200,62,2021.11.20
531,202,62,2021.11.20
532,1049,62,2021.07.28
533,275,63,2022.08.10
534,138,63,2021.10.18
535,103,63,2021.10.18
536,225,63,2021.10.18
537,194,63,2021.10.18
538,77,63,2021.12.27
539,77,63,2021.12.08
540,89,63,2020.07.15
541,81,63,2022.02.22
542,1064,63,2021.10.18
543,100,63,2020.07.15
544,80,63,2021.10.18
545,224,63,2021.10.18
546,275,64,2021.04.13
547,275,65,2021.01.31
548,299,65,2021.01.31
549,308,65,2021.01.31
550,275,66,2022.01.11
551,282,66,2022.01.11
552,1050,66,2021.07.28
553,77,66,2021.12.13
554,1150,66,2022.01.24
555,1149,66,2022.01.24
556,1137,66,2022.01.24
557,1094,66,2022.01.04
558,1094,66,2022.01.04
559,190,66,2022.01.04
560,275,67,2020.11.30
561,275,67,2020.11.11
562,340,67,2021.04.22
563,275,68,2021.11.16
564,282,68,2021.11.16
565,77,68,2020.06.24
566,70,68,2020.06.24
567,190,68,2021.11.16
568,293,68,2021.11.16
569,196,68,2021.11.16
570,100,68,2021.11.16
571,275,69,2020.12.17
572,282,69,2020.12.24
573,282,70,2020.12.28
574,226,70,2020.12.28
575,226,70,2020.12.17
576,194,70,2020.12.04
577,231,70,2020.10.23
578,254,70,2021.08.26
579,254,70,2020.12.28
580,82,70,2021.08.26
581,282,71,2022.01.25
582,282,72,2022.06.16
583,282,73,2021.12.21
584,86,73,2021.12.21
585,144,73,2021.12.22
586,1140,73,2021.12.21
587,283,73,2021.12.21
588,1129,73,2021.12.21
589,142,74,2022.03.03
590,72,74,2020.12.03
591,257,74,2021.05.20
592,244,74,2021.01.08
593,70,74,2020.11.09
594,142,75,2021.10.21
595,257,75,2021.04.20
596,77,75,2022.02.09
597,140,76,2021.12.08
598,207,76,2020.05.28
599,231,76,2020.05.19
600,148,76,2019.11.13
601,148,76,2019.10.28
602,202,76,2021.12.08
603,95,76,2022.07.08
604,77,76,2019.12.06
605,77,76,2019.11.01
606,77,76,2019.10.28
607,162,76,2021.02.02
608,162,76,2020.05.19
609,162,76,2019.11.27
610,162,76,2019.10.28
611,1165,76,2022.03.22
612,140,77,2022.03.12
613,77,77,2022.01.20
614,140,78,2022.08.05
615,140,79,2020.04.02
616,72,79,2020.04.02
617,140,80,2021.07.27
618,147,80,2020.10.05
619,225,80,2020.10.15
620,194,80,2020.12.09
621,202,80,2022.02.10
622,202,80,2021.05.22
623,77,80,2020.12.10
624,77,80,2020.12.09
625,1064,80,2021.10.27
626,224,80,2021.10.27
627,140,81,2022.01.07
628,106,81,2022.01.07
629,72,82,2022.02.25
630,151,82,2022.02.25
631,231,82,2022.02.25
632,72,83,2021.01.05
633,1219,83,2022.05.31
634,72,84,2022.02.10
635,1051,84,2022.06.05
636,106,84,2020.01.08
637,340,84,2022.03.04
638,81,84,2022.06.05
639,72,85,2022.01.11
640,1050,85,2021.10.15
641,257,85,2022.03.04
642,1065,85,2021.09.24
643,162,85,2020.05.04
644,70,85,2021.09.19
645,309,85,2021.02.07
646,72,86,2021.12.03
647,72,87,2022.06.03
648,207,87,2020.07.07
649,208,87,2021.02.09
650,225,87,2020.07.17
651,148,87,2022.06.05
652,200,87,2020.07.17
653,77,87,2021.02.09
654,77,87,2020.03.07
655,162,87,2021.02.09
656,70,87,2021.04.05
657,70,87,2021.02.09
658,81,87,2022.02.17
659,81,87,2022.02.17
660,280,87,2022.02.11
661,280,87,2021.09.07
662,297,87,2021.05.24
663,293,87,2021.05.24
664,220,87,2021.04.05
665,193,87,2021.05.24
666,82,87,2022.05.16
667,113,87,2021.05.06
668,224,87,2020.11.16
669,72,88,2022.04.24
670,72,89,2022.06.16
671,257,89,2022.06.16
672,72,90,2021.10.21
673,153,90,2021.07.24
674,151,90,2021.10.21
675,231,90,2021.10.21
676,72,91,2020.03.16
677,144,91,2020.02.28
678,116,91,2020.02.28
679,257,91,2021.01.17
680,148,91,2020.01.25
681,70,91,2020.03.25
682,72,92,2021.06.22
683,207,92,2021.12.31
684,86,92,2021.12.31
685,197,92,2021.12.24
686,151,92,2022.03.03
687,151,92,2022.03.03
688,151,92,2021.06.22
689,257,92,2021.04.15
690,231,92,2021.06.22
691,199,92,2021.12.24
692,202,92,2022.02.21
693,202,92,2021.08.02
694,202,92,2021.04.15
695,1007,92,2021.08.02
696,72,93,2020.06.15
697,189,93,2020.07.27
698,90,93,2021.07.26
699,89,93,2021.07.26
700,72,94,2021.10.15
701,77,94,2019.12.09
702,1224,94,2022.06.27
703,72,95,2021.12.08
704,194,95,2021.12.08
705,194,95,2021.12.08
706,194,95,2021.12.08
707,194,95,2021.12.08
708,194,95,2021.12.08
709,194,95,2021.12.08
710,194,95,2021.12.08
711,194,95,2021.12.08
712,194,95,2021.12.08
713,194,95,2021.12.08
714,194,95,2021.12.08
715,202,95,2020.12.16
716,202,95,2020.12.16
717,202,95,2020.02.27
718,89,95,2020.03.04
719,330,95,2021.12.08
720,80,95,2021.12.08
721,224,95,2021.12.19
722,72,96,2021.11.30
723,151,96,2021.12.14
724,77,96,2021.08.30
725,222,96,2022.02.11
726,131,96,2021.11.30
727,72,97,2021.02.25
728,304,97,2021.02.25
729,72,98,2022.07.07
730,292,98,2021.04.01
731,1092,98,2022.07.07
732,224,98,2020.12.02
733,72,99,2022.05.04
734,72,100,2020.02.26
735,1217,100,2022.06.28
736,1051,100,2022.01.18
737,1051,100,2021.09.16
738,1051,100,2021.08.10
739,151,100,2020.04.06
740,106,100,2021.08.03
741,257,100,2022.06.26
742,304,100,2022.01.21
743,304,100,2021.09.15
744,303,100,2022.01.21
745,93,100,2022.01.21
746,76,100,2022.01.18
747,76,100,2020.04.30
748,202,100,2021.08.27
749,340,100,2021.08.03
750,77,100,2021.08.11
751,70,100,2022.06.28
752,1166,100,2022.01.18
753,72,101,2022.07.08
754,72,102,2022.07.27
755,207,103,2020.09.15
756,93,103,2020.11.21
757,148,103,2022.03.03
758,200,103,2020.09.15
759,202,103,2022.01.13
760,202,103,2020.09.15
761,95,103,2020.11.21
762,77,103,2021.02.06
763,77,103,2021.02.06
764,77,103,2021.02.06
765,1019,103,2021.12.21
766,90,103,2021.02.06
767,1021,103,2021.12.21
768,89,103,2021.02.06
769,162,103,2020.02.27
770,70,103,2022.01.13
771,70,103,2021.02.06
772,70,103,2021.02.06
773,70,103,2021.02.06
774,70,103,2020.08.19
775,115,103,2021.12.21
776,1012,103,2022.01.30
777,1012,103,2022.01.13
778,1012,103,2022.01.13
779,1012,103,2021.12.21
780,1013,103,2022.01.30
781,1013,103,2022.01.13
782,1014,103,2022.01.13
783,224,103,2020.08.14
784,207,104,2022.04.27
785,207,105,2021.07.20
786,257,105,2021.07.20
787,231,105,2021.07.20
788,148,105,2021.07.20
789,148,105,2021.07.20
790,207,106,2020.12.16
791,66,106,2021.07.21
792,207,107,2022.01.23
793,138,108,2021.08.27
794,1092,108,2022.05.03
795,1094,108,2021.11.01
796,1064,108,2022.03.18
797,309,108,2021.07.14
798,138,109,2020.06.22
799,226,109,2020.09.04
800,147,109,2020.05.29
801,103,109,2020.09.04
802,225,109,2020.05.27
803,257,109,2020.09.10
804,194,109,2020.09.04
805,93,109,2020.07.17
806,231,109,2020.09.04
807,281,109,2020.11.18
808,202,109,2020.09.04
809,95,109,2020.09.11
810,95,109,2020.08.28
811,77,109,2020.04.23
812,162,109,2020.11.09
813,181,109,2021.01.05
814,255,109,2020.09.11
815,70,109,2020.09.11
816,66,109,2020.05.22
817,299,109,2021.01.05
818,115,109,2020.09.10
819,81,109,2020.09.04
820,280,109,2020.11.18
821,190,109,2020.09.10
822,196,109,2020.09.10
823,100,109,2020.10.14
824,222,109,2020.09.04
825,224,109,2020.07.13
826,138,110,2021.05.02
827,116,110,2021.05.02
828,257,110,2021.05.02
829,199,110,2021.11.10
830,281,110,2021.06.18
831,1094,110,2021.12.27
832,196,110,2021.09.29
833,138,111,2021.09.11
834,283,111,2022.04.26
835,77,111,2021.11.06
836,1190,111,2022.04.27
837,1094,111,2021.09.29
838,1094,111,2021.09.29
839,1061,111,2021.11.21
840,190,111,2021.02.22
841,294,111,2021.03.28
842,294,111,2021.02.22
843,293,111,2021.02.22
844,196,111,2021.03.28
845,138,112,2022.03.06
846,138,113,2020.05.18
847,138,114,2021.08.27
848,254,114,2022.06.24
849,254,114,2022.03.06
850,77,114,2022.03.08
851,77,114,2021.08.27
852,67,114,2022.03.06
853,299,114,2022.03.06
854,1214,114,2022.06.24
855,1202,114,2022.03.25
856,1064,114,2022.06.24
857,82,114,2021.08.27
858,138,115,2019.12.27
859,86,116,2020.10.25
860,194,116,2022.03.17
861,89,116,2022.03.17
862,81,116,2022.03.03
863,190,116,2020.05.18
864,82,116,2020.10.25
865,86,117,2021.09.09
866,70,117,2021.09.08
867,81,117,2021.09.09
868,86,118,2022.03.15
869,87,118,2022.03.15
870,194,118,2021.08.24
871,77,118,2021.10.03
872,70,118,2021.12.20
873,70,118,2021.10.19
874,70,118,2021.10.03
875,280,118,2021.10.19
876,280,118,2021.10.09
877,222,118,2021.07.23
878,292,119,2022.07.04
879,153,119,2022.04.27
880,1217,119,2022.04.27
881,1051,119,2022.07.04
882,70,119,2022.07.04
883,219,119,2022.04.27
884,292,120,2021.01.26
885,257,120,2021.02.16
886,194,120,2020.11.11
887,292,121,2021.06.05
888,1051,121,2022.02.08
889,105,121,2021.07.19
890,304,121,2022.02.08
891,231,121,2022.03.19
892,70,121,2022.03.19
893,227,121,2021.01.13
894,1094,121,2022.06.10
895,292,122,2022.02.11
896,199,122,2022.02.10
897,1107,122,2022.03.23
898,1167,122,2022.03.23
899,1167,122,2022.03.23
900,280,122,2022.03.29
901,1136,122,2022.02.10
902,1064,122,2022.03.23
903,1061,122,2022.02.10
904,309,122,2022.02.10
905,292,123,2022.02.10
906,1061,123,2021.12.25
907,309,123,2022.01.09
908,292,124,2022.07.19
909,292,125,2022.04.15
910,190,125,2022.04.15
911,144,126,2022.02.03
912,1050,126,2022.02.03
913,231,126,2020.07.18
914,202,126,2022.02.03
915,67,126,2020.07.18
916,70,126,2020.07.18
917,81,126,2022.02.03
918,144,127,2019.11.13
919,65,127,2019.11.13
920,153,128,2022.06.29
921,77,128,2022.06.29
922,153,129,2022.05.22
923,1169,129,2022.05.24
924,350,129,2022.02.21
925,145,129,2022.03.25
926,208,129,2022.01.21
927,87,129,2022.02.15
928,194,129,2022.01.21
929,93,129,2022.05.24
930,76,129,2022.01.21
931,153,130,2022.06.28
932,153,131,2020.02.04
933,77,131,2020.02.04
934,153,132,2021.12.29
935,1050,132,2022.02.11
936,87,132,2021.12.30
937,257,132,2021.12.29
938,257,132,2021.12.29
939,257,132,2021.12.29
940,194,132,2022.02.23
941,194,132,2021.12.31
942,194,132,2021.12.29
943,148,132,2021.12.30
944,76,132,2022.01.11
945,202,132,2022.02.11
946,77,132,2022.02.11
947,77,132,2021.12.30
948,325,132,2022.02.11
949,255,132,2022.01.10
950,70,132,2022.02.16
951,70,132,2022.02.11
952,70,132,2022.02.11
953,70,132,2022.02.09
954,70,132,2022.01.12
955,70,132,2022.01.11
956,70,132,2021.12.29
957,70,132,2021.10.16
958,66,132,2021.12.30
959,1092,132,2022.01.26
960,81,132,2022.02.11
961,81,132,2022.01.11
962,1123,132,2022.01.12
963,1115,132,2022.02.16
964,1115,132,2022.02.11
965,1115,132,2022.01.12
966,1098,132,2022.01.11
967,1061,132,2022.01.11
968,120,132,2022.02.11
969,193,132,2022.01.12
970,298,132,2022.02.11
971,224,132,2022.01.05
972,153,133,2022.06.21
973,153,133,2021.12.07
974,1051,133,2022.08.07
975,1051,133,2022.06.21
976,1050,133,2022.07.13
977,151,133,2020.10.23
978,208,133,2021.03.22
979,87,133,2021.09.07
980,257,133,2021.03.22
981,194,133,2021.12.27
982,194,133,2021.07.16
983,303,133,2022.06.21
984,148,133,2022.08.07
985,76,133,2021.09.07
986,314,133,2021.08.11
987,202,133,2021.07.10
988,77,133,2022.06.21
989,77,133,2021.12.27
990,70,133,2022.06.21
991,280,133,2022.06.21
992,1094,133,2022.04.11
993,1064,133,2022.08.07
994,1061,133,2021.12.27
995,190,133,2022.04.11
996,190,133,2022.04.11
997,309,133,2021.10.10
998,193,133,2022.04.11
999,97,133,2020.12.03
1000,222,133,2022.08.07
1001,224,133,2021.12.30
1002,96,133,2019.12.06
1003,153,134,2019.12.07
1004,304,134,2021.01.06
1005,93,134,2019.12.07
1006,281,134,2021.01.06
1007,76,134,2021.01.06
1008,324,134,2022.06.30
1009,70,134,2022.07.08
1010,115,134,2021.04.26
1011,330,134,2022.06.30
1012,309,134,2021.04.26
1013,309,134,2020.12.23
1014,153,135,2021.05.05
1015,77,135,2021.11.04
1016,70,135,2021.10.28
1017,153,136,2022.05.24
1018,1111,136,2022.05.24
1019,219,136,2022.05.24
1020,153,137,2022.07.22
1021,77,137,2022.07.22
1022,153,138,2022.05.31
1023,153,138,2022.05.26
1024,81,138,2022.05.26
1025,153,139,2022.07.08
1026,153,139,2022.07.08
1027,358,139,2022.07.08
1028,1064,139,2022.07.08
1029,224,139,2022.07.08
1030,153,140,2022.01.28
1031,208,140,2022.01.28
1032,93,140,2021.10.26
1033,93,140,2020.03.11
1034,148,140,2020.03.11
1035,202,140,2021.12.01
1036,202,140,2021.07.24
1037,77,140,2020.03.11
1038,280,140,2020.07.30
1039,1134,140,2022.03.26
1040,331,140,2022.06.04
1041,190,140,2020.03.11
1042,153,141,2021.11.26
1043,148,141,2022.07.26
1044,89,141,2022.07.22
1045,70,141,2022.07.26
1046,1105,141,2022.07.26
1047,1149,141,2022.07.22
1048,1136,141,2022.07.22
1049,1094,141,2022.02.22
1050,1094,141,2022.02.07
1051,196,141,2022.02.07
1052,153,142,2022.05.12
1053,77,142,2022.05.12
1054,70,142,2022.05.12
1055,219,142,2022.05.12
1056,220,142,2022.05.12
1057,153,143,2021.03.16
1058,257,143,2021.03.17
1059,194,143,2022.04.09
1060,77,143,2021.10.26
1061,255,143,2021.03.06
1062,70,143,2022.04.09
1063,70,143,2021.10.26
1064,153,144,2022.05.15
1065,357,144,2022.05.04
1066,358,144,2022.05.15
1067,324,144,2022.05.15
1068,81,144,2022.05.04
1069,81,144,2022.05.04
1070,81,144,2022.03.20
1071,81,144,2022.03.20
1072,153,145,2022.07.13
1073,153,146,2022.07.23
1074,1217,146,2022.07.07
1075,1203,146,2022.07.07
1076,1178,146,2022.07.07
1077,93,146,2022.07.23
1078,93,146,2022.06.30
1079,1214,146,2022.07.07
1080,1064,146,2022.07.07
1081,153,147,2022.07.10
1082,1043,147,2022.07.26
1083,77,147,2022.07.15
1084,77,147,2022.07.10
1085,162,147,2022.07.15
1086,1092,147,2022.07.15
1087,153,148,2022.01.21
1088,254,148,2021.07.14
1089,162,148,2022.01.21
1090,153,149,2022.05.03
1091,1054,149,2022.05.03
1092,77,149,2022.05.03
1093,153,150,2022.07.07
1094,93,150,2022.07.07
1095,148,150,2022.07.07
1096,162,150,2022.07.07
1097,153,151,2021.11.25
1098,1217,152,2022.04.24
1099,340,152,2022.06.03
1100,340,152,2022.05.18
1101,340,152,2022.05.18
1102,77,152,2022.05.18
1103,77,152,2022.04.24
1104,1196,152,2022.07.20
1105,219,152,2022.06.03
1106,220,152,2022.05.24
1107,1217,153,2022.06.22
1108,1217,154,2022.08.05
1109,1203,154,2022.07.22
1110,1178,154,2022.06.25
1111,1051,154,2022.06.25
1112,147,154,2022.06.17
1113,103,154,2022.05.08
1114,111,154,2022.06.17
1115,105,154,2022.05.08
1116,225,154,2022.04.16
1117,1049,154,2022.08.05
1118,1105,154,2022.08.05
1119,1214,154,2022.07.22
1120,1064,154,2022.07.22
1121,190,154,2022.05.08
1122,193,154,2022.05.08
1123,1212,155,2022.04.11
1124,1205,156,2022.05.11
1125,1205,157,2022.07.31
1126,147,157,2022.07.31
1127,1203,158,2022.06.06
1128,1203,159,2022.06.29
1129,93,159,2022.06.29
1130,1106,159,2022.06.29
1131,1203,160,2022.05.20
1132,1169,160,2022.05.20
1133,1203,161,2022.07.08
1134,151,161,2022.01.28
1135,257,161,2021.12.16
1136,202,161,2021.07.01
1137,202,161,2021.07.01
1138,345,161,2021.07.01
1139,219,161,2021.12.08
1140,222,161,2022.02.24
1141,1203,162,2022.04.08
1142,77,162,2022.04.08
1143,1203,163,2022.06.29
1144,1187,164,2022.07.09
1145,197,164,2022.07.07
1146,199,164,2022.07.07
1147,1061,164,2022.01.25
1148,1187,165,2022.07.06
1149,194,165,2022.07.07
1150,1187,166,2022.06.15
1151,197,166,2022.06.15
1152,148,166,2022.06.15
1153,1187,167,2022.07.16
1154,1064,167,2022.07.16
1155,190,167,2022.05.16
1156,1187,168,2022.04.28
1157,1178,168,2022.08.08
1158,1043,168,2022.07.06
1159,1187,169,2022.04.15
1160,1050,169,2021.09.16
1161,257,169,2021.09.08
1162,148,169,2022.04.13
1163,200,169,2021.02.02
1164,202,169,2021.05.09
1165,202,169,2021.02.02
1166,77,169,2021.07.04
1167,1016,169,2021.10.26
1168,255,169,2021.10.26
1169,81,169,2021.10.26
1170,1187,170,2022.04.16
1171,1187,170,2022.03.01
1172,151,170,2022.04.03
1173,93,170,2022.04.16
1174,199,170,2022.04.03
1175,1105,170,2022.04.19
1176,1187,171,2022.02.26
1177,1187,172,2022.05.04
1178,1178,173,2022.06.15
1179,1177,174,2022.07.14
1180,1177,175,2022.03.22
1181,1169,176,2022.05.02
1182,80,176,2021.09.01
1183,1169,177,2022.04.16
1184,1169,178,2022.06.28
1185,116,178,2022.05.24
1186,257,178,2021.09.08
1187,77,178,2021.11.03
1188,1169,179,2022.04.27
1189,1064,179,2022.04.27
1190,1169,180,2022.04.19
1191,194,180,2022.04.19
1192,148,180,2022.04.19
1193,77,180,2022.04.19
1194,1157,181,2022.04.19
1195,1140,182,2022.01.21
1196,1139,182,2022.01.21
1197,194,182,2022.01.14
1198,313,182,2022.01.22
1199,93,182,2022.01.22
1200,202,182,2022.01.01
1201,254,182,2022.05.20
1202,95,182,2022.01.22
1203,324,182,2022.01.01
1204,77,182,2022.01.22
1205,70,182,2022.01.22
1206,70,182,2022.01.01
1207,66,182,2022.05.20
1208,299,182,2022.05.20
1209,1061,182,2022.01.20
1210,253,182,2022.01.14
1211,190,182,2022.01.14
1212,1051,183,2022.01.31
1213,194,183,2021.12.15
1214,1043,183,2022.02.04
1215,77,183,2022.02.04
1216,1085,183,2022.02.04
1217,70,183,2022.02.04
1218,1092,183,2022.02.04
1219,1051,184,2022.04.05
1220,93,184,2022.04.05
1221,202,184,2022.04.05
1222,77,184,2022.04.05
1223,224,184,2022.04.05
1224,1051,185,2022.07.27
1225,303,185,2022.08.06
1226,93,185,2022.08.09
1227,70,185,2022.07.27
1228,1051,186,2022.02.17
1229,151,186,2021.09.21
1230,194,186,2021.09.07
1231,313,186,2022.02.17
1232,93,186,2022.02.17
1233,202,186,2021.09.07
1234,254,186,2021.10.17
1235,254,186,2021.09.12
1236,358,186,2021.12.26
1237,358,186,2021.12.26
1238,255,186,2021.05.03
1239,1074,186,2022.02.17
1240,66,186,2021.10.17
1241,1094,186,2022.02.17
1242,1094,186,2022.02.17
1243,1051,187,2022.04.16
1244,194,187,2022.03.20
1245,202,187,2022.04.16
1246,1007,187,2022.04.16
1247,1107,187,2022.04.16
1248,162,187,2021.12.23
1249,1014,187,2021.11.24
1250,1137,187,2022.03.20
1251,1134,187,2022.03.20
1252,1094,187,2021.11.24
1253,190,187,2021.11.24
1254,82,187,2022.04.16
1255,1051,188,2021.08.19
1256,304,188,2021.12.24
1257,304,188,2021.08.19
1258,93,188,2021.09.07
1259,202,188,2022.03.17
1260,202,188,2021.12.24
1261,202,188,2021.08.19
1262,1020,188,2021.08.19
1263,95,188,2021.09.07
1264,244,188,2021.12.24
1265,358,188,2021.12.08
1266,1054,188,2021.12.08
1267,77,188,2021.12.24
1268,90,188,2021.12.24
1269,89,188,2022.03.17
1270,89,188,2021.12.24
1271,89,188,2021.12.24
1272,89,188,2021.08.19
1273,162,188,2021.12.24
1274,162,188,2021.09.07
1275,162,188,2021.08.19
1276,1016,188,2021.09.07
1277,326,188,2021.12.24
1278,326,188,2021.12.08
1279,227,188,2021.09.07
1280,81,188,2021.09.07
1281,1150,188,2022.01.20
1282,120,188,2021.12.24
1283,121,188,2021.12.24
1284,1051,189,2022.01.31
1285,65,189,2022.04.11
1286,151,189,2021.10.29
1287,194,189,2022.01.08
1288,93,189,2019.12.07
1289,148,189,2022.01.26
1290,76,189,2021.06.21
1291,254,189,2022.07.09
1292,77,189,2019.11.18
1293,70,189,2022.01.19
1294,299,189,2022.07.09
1295,123,189,2020.11.15
1296,224,189,2022.01.20
1297,1051,190,2021.12.08
1298,1050,190,2021.12.08
1299,1051,191,2022.07.01
1300,93,191,2022.07.01
1301,254,191,2022.07.01
1302,1085,191,2022.07.01
1303,1051,192,2022.07.25
1304,77,192,2022.07.25
1305,70,192,2022.07.25
1306,1051,193,2022.04.21
1307,93,193,2022.07.20
1308,1054,193,2022.05.27
1309,1051,194,2022.03.13
1310,1051,195,2022.06.29
1311,1054,195,2022.06.29
1312,182,195,2022.07.07
1313,1051,196,2021.09.05
1314,1051,197,2021.08.18
1315,1051,198,2022.06.10
1316,194,198,2022.05.30
1317,77,198,2022.05.30
1318,77,198,2022.05.30
1319,224,198,2022.05.30
1320,1051,199,2022.07.26
1321,93,199,2022.07.26
1322,1216,199,2022.07.26
1323,1051,200,2022.01.13
1324,1051,200,2021.09.01
1325,1051,200,2021.08.25
1326,1051,200,2021.07.28
1327,1020,200,2021.08.21
1328,340,200,2022.07.07
1329,95,200,2022.07.21
1330,95,200,2022.05.13
1331,95,200,2022.04.21
1332,95,200,2022.03.08
1333,95,200,2022.01.15
1334,95,200,2021.11.01
1335,95,200,2021.09.29
1336,95,200,2021.07.30
1337,1014,200,2022.04.13
1338,1051,201,2021.09.01
1339,197,201,2021.01.06
1340,283,201,2021.07.21
1341,151,201,2021.04.05
1342,257,201,2020.12.22
1343,257,201,2020.12.22
1344,257,201,2020.12.07
1345,231,201,2021.04.05
1346,199,201,2020.12.22
1347,200,201,2020.12.23
1348,76,201,2020.12.07
1349,202,201,2021.04.05
1350,202,201,2021.04.05
1351,115,201,2021.04.05
1352,115,201,2021.04.05
1353,1051,202,2021.12.10
1354,1051,203,2022.05.05
1355,1050,203,2022.02.22
1356,257,203,2022.02.22
1357,1051,204,2021.09.27
1358,257,204,2021.05.24
1359,257,204,2020.09.16
1360,202,204,2020.09.19
1361,90,204,2020.11.16
1362,89,204,2021.09.27
1363,89,204,2020.03.20
1364,326,204,2021.05.24
1365,81,204,2020.08.11
1366,81,204,2020.02.13
1367,1051,205,2022.03.29
1368,1051,206,2021.09.12
1369,1051,207,2021.08.14
1370,326,207,2021.08.14
1371,1051,208,2021.09.13
1372,1051,209,2022.06.11
1373,1051,210,2021.12.15
1374,257,210,2021.12.15
1375,257,210,2021.12.15
1376,148,210,2021.12.15
1377,1050,211,2021.12.25
1378,1050,212,2022.07.01
1379,100,212,2020.09.22
1380,1050,213,2022.03.16
1381,243,213,2021.07.27
1382,1050,214,2022.04.18
1383,1050,214,2021.12.11
1384,147,214,2022.01.23
1385,147,214,2021.12.11
1386,103,214,2022.04.18
1387,105,214,2022.04.18
1388,87,214,2022.04.18
1389,148,214,2022.04.18
1390,358,214,2021.11.18
1391,1128,214,2022.04.18
1392,89,214,2022.04.18
1393,1105,214,2022.04.18
1394,1061,214,2021.12.11
1395,309,214,2022.01.23
1396,222,214,2021.12.11
1397,1050,215,2022.04.28
1398,70,215,2020.06.18
1399,190,215,2021.05.14
1400,1050,216,2021.09.13
1401,1050,217,2022.01.21
1402,151,217,2021.07.21
1403,304,217,2021.03.14
1404,304,217,2021.03.14
1405,1050,218,2022.08.10
1406,1050,218,2022.06.20
1407,1050,218,2022.06.20
1408,197,218,2022.06.20
1409,151,218,2022.06.20
1410,194,218,2022.06.20
1411,231,218,2022.06.20
1412,199,218,2022.06.20
1413,1050,219,2021.12.06
1414,106,219,2021.12.06
1415,1050,220,2022.05.12
1416,93,220,2022.05.12
1417,93,220,2022.05.10
1418,121,220,2022.02.10
1419,122,220,2022.02.10
1420,131,220,2022.02.10
1421,1050,221,2022.02.10
1422,1050,221,2022.02.10
1423,325,221,2022.02.14
1424,1050,222,2022.05.23
1425,345,222,2022.07.07
1426,1124,222,2022.07.07
1427,224,222,2022.07.07
1428,1037,223,2022.03.10
1429,116,223,2022.03.10
1430,280,223,2022.03.10
1431,1037,224,2022.06.10
1432,1092,224,2022.06.10
1433,1037,225,2022.01.26
1434,116,225,2022.04.15
1435,1037,226,2022.05.24
1436,65,227,2021.11.18
1437,67,227,2021.11.18
1438,65,228,2022.01.22
1439,1065,228,2022.01.20
1440,1092,228,2022.02.27
1441,65,229,2022.04.20
1442,65,230,2021.01.26
1443,226,230,2021.01.26
1444,194,230,2020.10.07
1445,93,230,2020.10.07
1446,231,230,2020.12.21
1447,254,230,2020.12.21
1448,254,230,2020.10.07
1449,77,230,2020.11.24
1450,77,230,2020.10.07
1451,77,230,2020.09.09
1452,77,230,2020.08.03
1453,66,230,2020.12.21
1454,66,230,2020.10.07
1455,294,230,2021.01.26
1456,293,230,2021.01.26
1457,352,230,2021.03.31
1458,220,230,2021.01.26
1459,308,230,2021.01.26
1460,222,230,2021.01.26
1461,222,230,2021.01.26
1462,222,230,2020.12.21
1463,222,230,2020.11.24
1464,82,230,2020.11.23
1465,65,231,2020.12.12
1466,66,231,2020.11.23
1467,65,232,2021.11.13
1468,65,233,2020.12.03
1469,147,233,2020.12.03
1470,76,233,2020.12.03
1471,65,234,2022.06.28
1472,1150,234,2022.02.23
1473,1137,234,2022.02.23
1474,226,235,2020.11.11
1475,226,236,2021.10.30
1476,194,236,2021.03.26
1477,70,236,2022.01.08
1478,193,236,2021.03.26
1479,226,237,2020.10.14
1480,147,237,2020.10.14
1481,226,238,2021.12.12
1482,1061,238,2021.12.31
1483,309,238,2021.12.23
1484,96,238,2021.12.17
1485,226,239,2021.06.25
1486,226,240,2021.10.26
1487,226,241,2021.11.06
1488,257,241,2021.11.06
1489,1094,241,2022.01.16
1490,1061,241,2022.01.16
1491,294,241,2022.01.16
1492,226,242,2020.07.08
1493,106,242,2020.07.08
1494,125,242,2020.08.19
1495,77,242,2020.07.08
1496,81,242,2020.06.17
1497,98,242,2020.07.08
1498,226,243,2020.07.10
1499,194,243,2020.08.12
1500,231,243,2020.08.12
1501,77,243,2020.07.10
1502,226,244,2021.12.27
1503,226,244,2021.12.27
1504,226,245,2021.10.15
1505,77,245,2021.10.15
1506,226,246,2021.07.22
1507,194,246,2021.07.22
1508,148,246,2022.01.16
1509,95,246,2021.07.27
1510,77,246,2022.01.13
1511,89,246,2021.07.22
1512,331,246,2021.07.27
1513,96,246,2022.01.13
1514,226,247,2020.07.04
1515,225,247,2020.06.30
1516,148,247,2020.07.04
1517,116,248,2022.06.07
1518,116,249,2021.09.21
1519,106,249,2020.02.24
1520,202,249,2021.09.28
1521,77,249,2019.10.22
1522,190,249,2020.12.07
1523,196,249,2020.12.07
1524,116,250,2022.07.21
1525,116,251,2022.02.24
1526,116,252,2020.04.16
1527,70,252,2020.06.21
1528,116,253,2021.01.27
1529,131,253,2022.07.06
1530,131,253,2022.07.06
1531,131,253,2022.07.06
1532,116,254,2021.04.13
1533,257,254,2021.09.12
1534,194,254,2021.04.13
1535,77,254,2021.09.18
1536,116,255,2021.12.08
1537,148,255,2022.05.10
1538,148,255,2022.05.10
1539,148,255,2021.12.08
1540,327,255,2022.05.10
1541,325,255,2022.05.10
1542,1092,255,2021.12.08
1543,81,255,2022.05.10
1544,81,255,2022.05.10
1545,219,255,2021.12.08
1546,116,256,2021.12.29
1547,208,256,2022.05.24
1548,70,256,2021.12.27
1549,116,257,2022.02.07
1550,197,257,2022.02.07
1551,197,258,2020.01.30
1552,199,258,2020.04.08
1553,197,259,2022.03.28
1554,326,259,2021.04.07
1555,219,259,2021.11.26
1556,197,260,2022.07.13
1557,70,260,2021.12.21
1558,70,260,2021.12.21
1559,224,260,2021.12.21
1560,197,261,2022.02.17
1561,197,262,2021.01.10
1562,197,263,2021.08.16
1563,208,263,2021.08.04
1564,188,263,2021.09.07
1565,257,263,2021.12.19
1566,257,263,2021.09.07
1567,148,263,2021.09.07
1568,148,263,2021.03.22
1569,202,263,2022.01.01
1570,202,263,2021.09.03
1571,95,263,2021.12.19
1572,182,263,2021.12.19
1573,181,263,2021.08.16
1574,70,263,2022.04.25
1575,70,263,2021.11.03
1576,70,263,2021.09.03
1577,1092,263,2022.03.11
1578,1094,263,2021.11.03
1579,224,263,2021.09.12
1580,197,264,2022.02.02
1581,197,265,2022.05.17
1582,194,265,2022.05.17
1583,1216,265,2022.05.24
1584,197,266,2022.03.27
1585,197,267,2022.04.15
1586,145,267,2022.07.21
1587,225,267,2022.07.21
1588,1107,267,2022.07.21
1589,1107,267,2022.07.21
1590,77,267,2021.06.04
1591,70,267,2021.07.21
1592,1013,267,2022.07.21
1593,81,267,2022.07.21
1594,1214,267,2022.05.20
1595,1064,267,2021.12.22
1596,222,267,2022.05.02
1597,222,267,2021.12.22
1598,197,268,2022.01.25
1599,197,269,2022.07.09
1600,197,270,2022.01.25
1601,197,271,2021.10.24
1602,93,271,2021.07.23
1603,1054,271,2022.08.09
1604,70,271,2021.08.19
1605,1014,271,2022.04.21
1606,1167,271,2022.08.09
1607,82,271,2021.09.15
1608,197,272,2022.01.28
1609,197,273,2020.12.22
1610,197,274,2020.06.17
1611,257,274,2021.02.21
1612,257,274,2021.01.14
1613,194,274,2021.12.17
1614,93,274,2019.11.02
1615,202,274,2021.12.17
1616,1092,274,2022.02.22
1617,82,274,2021.01.04
1618,197,275,2021.12.23
1619,199,275,2021.12.23
1620,350,276,2022.01.31
1621,145,277,2021.11.01
1622,339,277,2021.10.30
1623,145,278,2020.02.19
1624,208,278,2020.03.19
1625,87,278,2020.03.04
1626,231,278,2020.05.19
1627,224,278,2020.04.23
1628,145,279,2022.07.22
1629,283,280,2022.01.22
1630,283,281,2022.01.26
1631,151,282,2022.02.10
1632,1137,282,2022.02.10
1633,151,283,2020.08.05
1634,231,283,2020.07.16
1635,151,284,2022.01.13
1636,194,284,2021.12.22
1637,231,284,2022.01.13
1638,89,284,2021.12.22
1639,1136,284,2022.01.13
1640,151,285,2022.01.04
1641,257,285,2021.09.06
1642,257,285,2021.09.06
1643,194,285,2021.12.13
1644,231,285,2022.01.04
1645,76,285,2021.12.13
1646,151,286,2020.11.26
1647,257,286,2021.02.27
1648,194,286,2021.02.27
1649,304,286,2021.06.29
1650,231,286,2021.04.06
1651,77,286,2021.05.04
1652,77,286,2021.04.03
1653,70,286,2021.04.03
1654,1167,286,2022.01.05
1655,151,287,2022.05.12
1656,151,288,2021.06.28
1657,257,288,2021.12.01
1658,257,288,2021.09.12
1659,77,288,2021.11.09
1660,151,289,2022.01.20
1661,231,289,2022.01.20
1662,151,290,2022.02.15
1663,148,290,2022.02.15
1664,77,290,2021.10.21
1665,70,290,2021.10.21
1666,151,291,2022.01.24
1667,151,291,2021.11.11
1668,208,292,2021.05.02
1669,87,292,2021.05.02
1670,1094,292,2021.11.15
1671,208,293,2020.09.16
1672,81,293,2022.01.17
1673,208,294,2021.12.14
1674,257,294,2021.12.02
1675,257,294,2021.02.17
1676,190,294,2021.12.14
1677,190,294,2021.12.02
1678,222,294,2022.06.13
1679,208,295,2022.01.03
1680,208,296,2022.03.13
1681,188,296,2022.03.13
1682,257,296,2022.03.13
1683,313,296,2022.03.13
1684,76,296,2021.12.01
1685,202,296,2021.07.28
1686,1107,296,2022.03.13
1687,77,296,2022.04.12
1688,77,296,2021.08.19
1689,89,296,2021.07.28
1690,70,296,2022.01.19
1691,1092,296,2022.04.12
1692,298,296,2022.03.13
1693,208,297,2022.05.15
1694,93,297,2022.05.07
1695,208,298,2022.02.24
1696,77,298,2021.02.13
1697,70,298,2021.09.08
1698,147,299,2022.06.23
1699,254,299,2022.06.23
1700,81,299,2022.06.23
1701,147,300,2022.06.18
1702,147,301,2022.07.08
1703,147,302,2021.08.22
1704,111,303,2020.11.09
1705,182,303,2020.11.09
1706,105,304,2020.01.19
1707,106,305,2022.03.23
1708,106,306,2022.05.24
1709,106,307,2020.12.13
1710,87,308,2022.07.08
1711,87,309,2021.12.23
1712,87,310,2022.01.24
1713,225,310,2022.01.10
1714,1049,310,2021.08.19
1715,357,310,2021.12.13
1716,77,310,2022.01.10
1717,1021,310,2022.01.10
1718,193,310,2022.01.10
1719,193,310,2022.01.10
1720,87,311,2020.12.11
1721,225,311,2020.12.11
1722,257,311,2020.12.28
1723,194,311,2020.12.11
1724,231,311,2020.12.14
1725,87,312,2021.01.13
1726,194,312,2022.05.17
1727,244,312,2021.02.17
1728,244,312,2021.02.10
1729,89,312,2022.02.19
1730,89,312,2021.01.13
1731,162,312,2020.09.15
1732,255,312,2020.12.24
1733,70,312,2021.12.08
1734,81,312,2021.07.22
1735,81,312,2021.02.17
1736,253,312,2020.12.24
1737,96,312,2022.04.13
1738,96,312,2020.12.29
1739,87,313,2022.05.28
1740,87,314,2021.12.27
1741,188,315,2020.06.10
1742,225,315,2020.07.29
1743,200,315,2021.02.07
1744,202,315,2021.12.06
1745,202,315,2021.06.04
1746,202,315,2021.01.03
1747,77,315,2021.12.06
1748,77,315,2021.12.06
1749,90,315,2021.05.01
1750,181,315,2021.09.08
1751,70,315,2021.12.06
1752,70,315,2021.06.04
1753,190,315,2021.09.08
1754,294,315,2021.12.06
1755,196,315,2021.09.08
1756,193,315,2021.12.06
1757,222,315,2021.05.14
1758,225,316,2022.05.12
1759,254,316,2022.05.12
1760,1214,316,2022.05.12
1761,1111,316,2022.05.12
1762,1064,316,2022.05.12
1763,224,316,2022.05.12
1764,225,317,2020.07.10
1765,225,318,2022.02.27
1766,1115,318,2022.02.27
1767,225,319,2020.12.24
1768,89,319,2021.04.01
1769,89,319,2021.02.28
1770,162,319,2022.03.01
1771,326,319,2022.03.01
1772,326,319,2021.04.01
1773,225,320,2021.07.20
1774,202,320,2021.07.20
1775,81,320,2021.07.20
1776,225,321,2020.06.10
1777,257,322,2022.06.24
1778,194,322,2022.01.24
1779,257,323,2022.02.10
1780,257,324,2022.02.15
1781,194,324,2022.02.15
1782,304,324,2022.02.15
1783,77,324,2022.02.15
1784,224,324,2022.02.15
1785,257,325,2021.07.25
1786,257,326,2021.03.20
1787,257,327,2022.03.26
1788,257,327,2022.02.11
1789,194,327,2021.09.22
1790,77,327,2022.06.14
1791,77,327,2022.03.26
1792,77,327,2022.03.26
1793,77,327,2022.03.26
1794,70,327,2022.03.26
1795,224,327,2022.03.26
1796,257,328,2021.06.29
1797,190,328,2021.01.26
1798,193,328,2021.01.26
1799,257,329,2022.04.22
1800,89,329,2022.04.22
1801,257,330,2021.02.09
1802,340,330,2021.05.10
1803,77,330,2022.07.08
1804,70,330,2021.07.07
1805,257,331,2021.09.10
1806,257,331,2021.09.10
1807,257,332,2021.09.27
1808,202,332,2020.09.20
1809,77,332,2022.04.20
1810,1064,332,2022.04.20
1811,257,333,2022.01.12
1812,257,334,2022.05.21
1813,257,335,2022.01.20
1814,1092,335,2022.01.20
1815,257,336,2021.10.10
1816,352,336,2021.10.10
1817,352,336,2021.09.15
1818,193,336,2021.10.10
1819,257,337,2022.05.10
1820,254,337,2022.05.10
1821,257,338,2022.02.08
1822,194,338,2022.02.11
1823,194,338,2022.02.08
1824,77,338,2022.02.25
1825,257,339,2022.07.13
1826,257,340,2022.05.04
1827,257,340,2022.05.04
1828,257,340,2022.02.17
1829,257,340,2022.02.17
1830,257,340,2022.02.17
1831,257,340,2022.02.17
1832,257,341,2022.01.21
1833,89,341,2022.04.16
1834,257,342,2021.09.05
1835,257,343,2022.02.22
1836,257,344,2022.01.24
1837,70,344,2022.01.24
1838,257,345,2021.10.18
1839,202,345,2021.10.18
1840,1092,345,2022.03.19
1841,1094,345,2022.03.19
1842,257,346,2021.05.02
1843,257,347,2021.10.02
1844,77,347,2020.12.01
1845,70,347,2019.12.25
1846,81,347,2022.04.13
1847,257,348,2021.08.31
1848,257,349,2022.02.25
1849,327,349,2021.10.12
1850,1094,349,2022.02.08
1851,1064,349,2022.01.11
1852,1064,349,2022.01.11
1853,331,349,2022.04.28
1854,352,349,2021.10.12
1855,257,350,2022.02.12
1856,257,351,2022.06.17
1857,77,351,2022.06.16
1858,224,351,2022.06.16
1859,257,352,2021.09.12
1860,257,353,2021.08.02
1861,81,353,2022.05.07
1862,190,353,2020.02.24
1863,257,354,2022.03.31
1864,257,355,2021.12.05
1865,257,356,2022.02.12
1866,257,357,2021.11.29
1867,77,357,2021.12.21
1868,77,357,2021.11.29
1869,70,357,2021.11.29
1870,257,358,2022.03.06
1871,257,359,2021.02.04
1872,257,360,2022.03.02
1873,257,361,2021.09.24
1874,257,362,2021.09.08
1875,257,363,2021.08.05
1876,257,364,2021.09.08
1877,257,365,2021.09.10
1878,257,366,2020.11.27
1879,77,366,2020.11.27
1880,70,366,2020.11.27
1881,257,367,2022.01.01
1882,70,367,2022.01.01
1883,257,368,2021.11.03
1884,194,368,2021.07.23
1885,194,368,2020.11.22
1886,194,368,2020.09.21
1887,194,368,2020.09.10
1888,148,368,2022.05.21
1889,202,368,2021.09.25
1890,95,368,2021.03.23
1891,244,368,2021.11.03
1892,77,368,2022.05.13
1893,181,368,2021.08.19
1894,1111,368,2022.05.13
1895,222,368,2021.01.10
1896,257,369,2021.10.20
1897,100,369,2022.05.25
1898,257,370,2021.10.02
1899,309,370,2021.04.04
1900,309,370,2021.04.04
1901,309,370,2021.04.04
1902,309,370,2021.02.03
1903,257,371,2021.09.12
1904,257,372,2022.05.12
1905,257,372,2022.04.13
1906,257,372,2022.01.01
1907,257,372,2021.09.11
1908,257,372,2021.05.04
1909,194,372,2022.01.01
1910,303,372,2022.02.09
1911,281,372,2022.02.11
1912,202,372,2022.01.01
1913,324,372,2021.11.13
1914,77,372,2021.11.05
1915,162,372,2021.11.03
1916,70,372,2020.12.19
1917,280,372,2022.02.11
1918,190,372,2020.12.25
1919,193,372,2020.12.25
1920,131,372,2020.05.11
1921,257,373,2021.07.21
1922,194,373,2021.07.21
1923,77,373,2021.07.30
1924,77,373,2021.07.21
1925,77,373,2021.07.21
1926,70,373,2021.07.21
1927,66,373,2021.07.21
1928,1094,373,2022.03.16
1929,190,373,2022.03.16
1930,193,373,2021.10.30
1931,222,373,2022.01.14
1932,257,374,2021.07.30
1933,70,374,2021.08.29
1934,257,375,2022.03.11
1935,257,375,2021.11.11
1936,194,375,2022.03.17
1937,1020,375,2022.03.11
1938,254,375,2022.03.17
1939,70,375,2021.10.30
1940,1064,375,2021.10.15
1941,257,376,2020.11.13
1942,77,376,2021.09.15
1943,257,377,2022.06.30
1944,257,378,2022.01.23
1945,257,378,2022.01.23
1946,257,379,2021.12.13
1947,312,379,2021.12.13
1948,224,379,2021.12.13
1949,257,380,2021.10.25
1950,257,381,2021.06.02
1951,257,381,2021.04.28
1952,257,381,2021.04.11
1953,257,382,2021.11.10
1954,257,383,2021.06.03
1955,257,384,2022.07.20
1956,148,384,2022.07.23
1957,345,384,2022.07.23
1958,257,385,2021.09.09
1959,257,386,2022.06.15
1960,257,387,2021.09.08
1961,257,388,2022.07.05
1962,202,388,2021.09.11
1963,312,388,2021.09.11
1964,257,389,2021.01.21
1965,202,389,2021.01.21
1966,257,390,2021.09.28
1967,257,391,2022.02.24
1968,202,391,2022.02.24
1969,202,391,2022.02.24
1970,202,391,2022.02.24
1971,345,391,2022.02.24
1972,162,391,2022.02.24
1973,326,391,2022.02.24
1974,70,391,2022.02.24
1975,1092,391,2022.02.24
1976,1061,391,2022.02.24
1977,194,392,2022.03.08
1978,194,393,2022.08.09
1979,194,393,2022.08.09
1980,254,393,2022.08.09
1981,1224,393,2022.08.09
1982,194,394,2022.01.07
1983,194,395,2022.01.16
1984,1094,395,2022.01.16
1985,194,396,2022.03.18
1986,194,397,2022.01.17
1987,194,398,2022.01.19
1988,194,399,2022.08.02
1989,194,400,2022.02.22
1990,194,401,2022.02.16
1991,194,402,2022.03.09
1992,194,403,2022.06.15
1993,1064,403,2022.06.17
1994,194,404,2021.12.17
1995,1064,404,2021.12.17
1996,194,405,2022.07.19
1997,194,406,2022.04.27
1998,77,406,2022.03.14
1999,70,406,2022.03.14
2000,194,407,2021.07.03
2001,1094,407,2022.01.12
2002,190,407,2021.07.03
2003,294,407,2022.01.12
2004,194,408,2022.01.09
2005,77,408,2022.01.09
2006,70,408,2022.01.09
2007,194,409,2022.07.23
2008,1054,409,2022.07.23
2009,77,409,2022.07.23
2010,194,410,2021.11.01
2011,194,411,2022.01.22
2012,77,411,2022.01.22
2013,194,412,2022.04.06
2014,194,413,2021.02.18
2015,77,413,2021.10.18
2016,77,413,2021.10.18
2017,77,413,2021.05.04
2018,77,413,2021.02.18
2019,194,414,2021.09.14
2020,222,414,2021.08.14
2021,194,415,2021.12.25
2022,1094,415,2021.12.25
2023,294,415,2021.12.25
2024,194,416,2022.01.08
2025,194,417,2022.06.10
2026,194,417,2022.05.11
2027,1113,417,2022.05.11
2028,89,417,2022.05.11
2029,1092,417,2022.05.11
2030,1190,417,2022.05.11
2031,194,418,2022.06.12
2032,194,419,2021.12.01
2033,1094,419,2021.12.01
2034,190,419,2021.12.01
2035,294,419,2021.12.01
2036,194,420,2020.09.23
2037,190,420,2020.09.11
2038,196,420,2020.12.09
2039,193,420,2020.12.09
2040,193,420,2020.09.11
2041,194,421,2021.10.29
2042,1092,421,2021.11.10
2043,331,421,2021.09.07
2044,331,421,2021.09.03
2045,309,421,2021.11.10
2046,194,422,2021.07.20
2047,194,422,2020.09.07
2048,77,422,2020.09.07
2049,77,422,2020.06.18
2050,70,422,2020.08.20
2051,190,422,2021.10.16
2052,224,422,2021.10.16
2053,194,423,2022.05.17
2054,93,423,2022.05.17
2055,70,423,2022.05.17
2056,1064,423,2022.05.17
2057,194,424,2021.10.26
2058,303,424,2021.10.26
2059,148,424,2021.12.29
2060,202,424,2021.02.15
2061,77,424,2021.10.04
2062,70,424,2022.01.12
2063,331,424,2021.11.24
2064,194,425,2022.06.30
2065,224,425,2022.06.30
2066,194,426,2022.04.23
2067,1136,426,2022.04.23
2068,1094,426,2022.04.23
2069,190,426,2022.04.23
2070,194,427,2022.04.03
2071,194,428,2022.04.05
2072,194,429,2022.02.18
2073,194,430,2022.07.05
2074,194,431,2022.02.22
2075,194,432,2022.04.06
2076,194,433,2021.09.04
2077,93,433,2021.11.29
2078,324,433,2021.09.10
2079,194,434,2022.02.26
2080,81,434,2022.02.26
2081,194,435,2021.11.17
2082,1094,435,2021.11.17
2083,190,435,2021.11.17
2084,194,436,2022.04.14
2085,93,436,2022.07.07
2086,77,436,2022.06.27
2087,70,436,2022.04.19
2088,1064,436,2022.07.04
2089,194,437,2022.07.04
2090,194,438,2021.07.20
2091,76,438,2021.07.20
2092,162,438,2022.06.27
2093,194,439,2022.06.08
2094,194,439,2022.06.08
2095,202,439,2022.06.08
2096,254,439,2022.06.08
2097,77,439,2022.06.08
2098,77,439,2022.06.08
2099,70,439,2022.06.08
2100,194,440,2022.05.20
2101,70,440,2021.07.20
2102,70,440,2021.07.20
2103,194,441,2020.09.24
2104,1020,441,2022.01.02
2105,1092,441,2021.12.22
2106,194,442,2021.07.20
2107,194,443,2022.02.03
2108,231,443,2022.02.03
2109,1094,443,2022.03.03
2110,190,443,2022.03.03
2111,294,443,2022.03.03
2112,194,444,2022.06.10
2113,1074,444,2022.06.10
2114,1105,444,2022.07.05
2115,1166,444,2022.06.10
2116,194,445,2022.04.05
2117,194,446,2022.02.17
2118,194,447,2022.04.18
2119,1061,447,2022.04.18
2120,363,447,2022.04.14
2121,194,448,2022.01.24
2122,194,449,2021.01.21
2123,194,450,2022.05.24
2124,194,451,2021.10.20
2125,194,452,2021.01.22
2126,93,452,2021.01.22
2127,77,452,2021.01.22
2128,131,452,2021.01.22
2129,194,453,2022.02.12
2130,194,454,2021.12.24
2131,194,454,2021.09.01
2132,70,454,2022.02.08
2133,70,454,2021.12.24
2134,475,454,2021.07.23
2135,1094,454,2021.12.24
2136,194,455,2022.04.10
2137,194,456,2022.05.24
2138,77,456,2022.05.24
2139,70,456,2022.05.24
2140,194,457,2022.05.04
2141,194,458,2022.05.24
2142,194,459,2022.03.04
2143,194,460,2022.07.28
2144,194,461,2021.07.18
2145,309,461,2021.12.27
2146,309,461,2021.12.27
2147,194,462,2021.01.07
2148,194,463,2022.01.07
2149,194,464,2020.08.11
2150,190,464,2020.08.11
2151,194,465,2021.12.27
2152,1094,465,2021.12.27
2153,190,465,2021.12.27
2154,194,466,2022.04.02
2155,194,467,2022.03.22
2156,194,467,2022.03.14
2157,194,468,2021.12.21
2158,194,469,2022.05.24
2159,77,469,2021.07.02
2160,70,469,2021.12.27
2161,70,469,2021.07.02
2162,1064,469,2021.12.27
2163,1064,469,2021.12.14
2164,194,470,2022.03.12
2165,194,470,2022.03.08
2166,194,471,2020.07.20
2167,77,471,2020.07.20
2168,326,471,2021.05.08
2169,326,471,2021.03.29
2170,255,471,2022.07.24
2171,81,471,2022.07.23
2172,81,471,2021.05.08
2173,194,472,2022.07.03
2174,202,472,2021.01.01
2175,194,473,2022.08.10
2176,194,473,2022.03.12
2177,194,473,2022.03.12
2178,66,473,2022.03.19
2179,194,474,2021.10.27
2180,1111,474,2021.11.15
2181,1094,474,2021.10.27
2182,190,474,2021.10.27
2183,222,474,2021.11.15
2184,194,475,2022.05.18
2185,194,475,2021.05.29
2186,77,475,2022.06.14
2187,77,475,2021.09.09
2188,194,476,2020.08.13
2189,202,476,2021.11.18
2190,77,476,2021.11.18
2191,1094,476,2021.12.22
2192,190,476,2021.11.18
2193,194,477,2022.01.25
2194,77,477,2022.01.25
2195,162,477,2020.07.04
2196,194,478,2022.05.12
2197,81,478,2022.05.12
2198,194,479,2021.12.30
2199,77,479,2021.12.30
2200,194,480,2022.04.11
2201,77,480,2022.05.21
2202,77,480,2022.04.11
2203,70,480,2022.05.21
2204,1124,480,2022.07.19
2205,1111,480,2022.05.21
2206,363,480,2022.07.19
2207,219,480,2022.05.21
2208,220,480,2022.05.21
2209,308,480,2022.07.19
2210,224,480,2022.05.21
2211,194,481,2021.04.28
2212,194,482,2022.02.21
2213,194,482,2021.11.17
2214,194,482,2021.01.12
2215,1007,482,2022.02.01
2216,1049,482,2021.11.18
2217,77,482,2021.01.12
2218,1129,482,2022.01.12
2219,227,482,2021.11.18
2220,227,482,2021.11.17
2221,194,483,2022.05.11
2222,194,484,2021.09.29
2223,81,484,2022.07.08
2224,194,485,2021.01.21
2225,194,486,2020.12.21
2226,76,486,2020.12.21
2227,194,487,2021.09.09
2228,254,487,2021.09.09
2229,194,488,2021.12.30
2230,194,488,2021.12.30
2231,93,488,2021.12.30
2232,1094,488,2021.12.30
2233,194,489,2022.06.10
2234,194,489,2022.02.09
2235,194,489,2021.10.14
2236,148,489,2022.06.10
2237,77,489,2022.06.10
2238,77,489,2022.05.24
2239,70,489,2022.06.06
2240,70,489,2022.03.18
2241,194,490,2022.06.28
2242,202,490,2022.06.28
2243,254,490,2022.06.28
2244,77,490,2022.06.28
2245,81,490,2022.06.28
2246,224,490,2022.06.28
2247,194,491,2022.05.12
2248,77,491,2022.05.12
2249,194,492,2022.07.17
2250,194,493,2022.05.24
2251,194,494,2021.05.05
2252,77,494,2021.05.05
2253,70,494,2021.05.05
2254,190,494,2021.05.05
2255,193,494,2021.05.05
2256,194,495,2021.12.27
2257,194,496,2022.02.27
2258,194,497,2022.03.08
2259,77,497,2022.03.08
2260,1094,497,2022.03.08
2261,194,498,2022.03.23
2262,96,498,2022.03.23
2263,194,499,2022.05.05
2264,194,499,2022.05.05
2265,76,499,2022.05.05
2266,202,499,2020.06.12
2267,254,499,2022.05.05
2268,1054,499,2022.05.05
2269,162,499,2020.03.06
2270,255,499,2020.12.18
2271,66,499,2022.05.05
2272,299,499,2022.05.05
2273,115,499,2020.12.18
2274,1013,499,2022.05.05
2275,1014,499,2022.05.05
2276,81,499,2022.05.05
2277,81,499,2022.05.05
2278,81,499,2022.05.05
2279,81,499,2022.05.05
2280,81,499,2022.05.05
2281,81,499,2022.05.05
2282,81,499,2022.05.05
2283,81,499,2022.05.05
2284,81,499,2022.05.05
2285,1214,499,2022.05.05
2286,1124,499,2022.05.05
2287,1111,499,2022.05.05
2288,363,499,2022.05.05
2289,219,499,2022.05.05
2290,220,499,2022.05.05
2291,222,499,2022.05.05
2292,194,500,2022.03.13
2293,254,500,2022.01.23
2294,77,500,2022.01.25
2295,1098,500,2022.01.23
2296,1064,500,2022.03.07
2297,1064,500,2021.11.17
2298,194,501,2022.03.22
2299,194,502,2021.12.15
2300,194,503,2022.04.02
2301,194,504,2022.08.04
2302,194,505,2022.05.24
2303,194,505,2022.05.17
2304,77,505,2022.06.11
2305,70,505,2022.06.11
2306,70,505,2022.05.17
2307,1216,505,2022.06.11
2308,1216,505,2022.05.17
2309,224,505,2022.06.11
2310,194,506,2022.03.05
2311,194,507,2022.04.01
2312,194,508,2021.01.23
2313,194,509,2021.08.05
2314,77,509,2021.08.05
2315,194,510,2022.06.03
2316,194,511,2021.09.30
2317,358,511,2022.03.14
2318,1016,511,2022.03.14
2319,1013,511,2022.02.04
2320,81,511,2022.03.14
2321,81,511,2022.03.14
2322,1094,511,2022.03.14
2323,194,512,2022.01.23
2324,1170,512,2022.02.21
2325,1054,512,2022.03.20
2326,77,512,2022.01.17
2327,1105,512,2022.07.11
2328,1167,512,2022.01.17
2329,194,513,2021.12.24
2330,77,513,2021.12.24
2331,194,514,2022.03.17
2332,193,514,2021.01.17
2333,298,514,2021.02.09
2334,194,515,2022.02.25
2335,194,516,2022.03.15
2336,194,516,2022.02.28
2337,70,516,2022.03.15
2338,194,517,2022.04.28
2339,326,517,2022.04.28
2340,194,518,2022.05.12
2341,313,519,2022.03.15
2342,93,519,2022.03.15
2343,304,520,2022.06.17
2344,303,520,2022.06.17
2345,76,520,2020.05.17
2346,304,521,2022.01.26
2347,199,521,2022.02.03
2348,148,521,2022.01.26
2349,304,522,2021.09.09
2350,93,522,2022.08.10
2351,324,522,2021.11.20
2352,77,522,2021.11.18
2353,77,522,2021.10.13
2354,89,522,2022.06.27
2355,162,522,2022.08.10
2356,1094,522,2021.11.18
2357,224,522,2022.08.10
2358,304,523,2021.05.23
2359,303,523,2021.05.23
2360,314,523,2021.05.23
2361,304,524,2022.02.11
2362,304,525,2022.05.10
2363,1111,525,2022.05.08
2364,1064,525,2022.05.08
2365,1064,525,2022.05.08
2366,304,526,2022.07.19
2367,70,526,2022.07.19
2368,1092,526,2022.07.19
2369,304,527,2021.02.19
2370,304,528,2021.10.20
2371,89,528,2021.10.20
2372,327,528,2021.11.09
2373,224,528,2021.11.09
2374,304,529,2022.06.15
2375,304,530,2021.08.21
2376,89,530,2021.09.05
2377,304,531,2021.05.26
2378,202,531,2021.10.11
2379,202,531,2021.10.11
2380,202,531,2021.10.11
2381,358,531,2021.10.11
2382,190,531,2021.10.11
2383,294,531,2021.10.11
2384,293,531,2021.11.18
2385,293,531,2021.10.11
2386,304,532,2022.02.11
2387,93,532,2022.02.11
2388,81,532,2022.02.11
2389,304,533,2022.07.02
2390,1094,533,2022.07.02
2391,1094,533,2022.05.12
2392,93,534,2022.04.08
2393,1064,534,2022.04.08
2394,224,534,2022.04.08
2395,93,535,2022.07.05
2396,1214,535,2022.07.05
2397,1214,535,2022.07.05
2398,190,535,2022.07.05
2399,224,535,2022.07.05
2400,93,536,2022.08.04
2401,1167,536,2022.08.04
2402,1224,536,2022.08.04
2403,93,537,2022.04.26
2404,93,538,2022.06.11
2405,93,539,2022.06.05
2406,77,539,2022.06.05
2407,1064,539,2022.06.05
2408,93,540,2022.01.19
2409,202,540,2022.02.01
2410,93,541,2022.07.18
2411,1020,541,2022.07.18
2412,162,541,2022.07.18
2413,93,542,2022.06.25
2414,1054,542,2022.07.15
2415,1216,542,2022.07.10
2416,1216,542,2022.06.25
2417,93,543,2022.05.10
2418,254,543,2022.05.10
2419,81,543,2022.05.02
2420,1064,543,2022.05.10
2421,1061,543,2021.12.27
2422,93,544,2020.11.25
2423,202,544,2020.12.13
2424,125,544,2021.08.23
2425,95,544,2021.08.23
2426,77,544,2021.01.26
2427,224,544,2020.12.13
2428,93,545,2022.07.05
2429,93,546,2021.11.11
2430,281,546,2021.11.11
2431,280,546,2021.11.11
2432,93,547,2021.12.29
2433,93,548,2021.02.06
2434,93,549,2020.04.13
2435,93,550,2022.07.14
2436,202,550,2022.07.14
2437,93,551,2020.12.23
2438,93,552,2022.01.26
2439,93,552,2022.01.26
2440,309,552,2022.03.08
2441,93,553,2022.06.09
2442,93,554,2022.07.21
2443,77,554,2022.07.21
2444,162,554,2022.07.21
2445,70,554,2022.07.21
2446,93,555,2021.10.22
2447,77,555,2021.10.22
2448,93,556,2022.02.22
2449,93,557,2022.07.27
2450,93,558,2022.04.05
2451,231,559,2021.02.10
2452,231,560,2020.12.15
2453,202,560,2021.03.17
2454,231,561,2022.03.15
2455,76,561,2022.03.14
2456,162,561,2022.03.15
2457,231,562,2021.10.02
2458,231,563,2020.07.16
2459,231,564,2022.01.21
2460,231,565,2020.12.28
2461,70,565,2021.09.11
2462,70,565,2021.09.11
2463,190,565,2021.05.29
2464,196,565,2021.05.29
2465,222,565,2022.02.08
2466,199,566,2021.08.08
2467,148,567,2022.06.21
2468,95,567,2022.06.21
2469,148,568,2022.07.06
2470,148,569,2019.12.08
2471,70,569,2019.12.08
2472,148,570,2022.08.09
2473,148,571,2022.06.21
2474,148,572,2022.01.23
2475,148,573,2021.12.16
2476,148,574,2022.03.10
2477,254,574,2022.03.30
2478,148,575,2022.04.23
2479,148,576,2020.01.03
2480,98,576,2020.01.03
2481,148,577,2022.03.23
2482,1020,577,2022.03.23
2483,77,577,2021.07.31
2484,77,577,2021.07.31
2485,70,577,2021.07.31
2486,70,577,2021.07.31
2487,1092,577,2022.03.23
2488,1165,577,2022.03.23
2489,1202,577,2022.03.23
2490,1134,577,2022.03.23
2491,1132,577,2022.03.23
2492,80,577,2022.03.23
2493,82,577,2022.03.23
2494,148,578,2022.05.08
2495,224,578,2022.05.08
2496,148,579,2022.08.10
2497,81,579,2022.08.10
2498,148,580,2022.07.22
2499,148,581,2020.03.20
2500,1049,581,2022.04.29
2501,1049,581,2022.04.18
2502,1092,581,2022.04.29
2503,1092,581,2022.04.16
2504,148,582,2022.05.21
2505,148,583,2022.05.24
2506,202,583,2022.05.24
2507,254,583,2022.05.24
2508,70,583,2022.05.24
2509,81,583,2022.05.24
2510,148,584,2022.08.02
2511,200,585,2021.12.02
2512,200,586,2020.05.28
2513,76,586,2020.11.19
2514,76,586,2020.04.15
2515,202,586,2020.03.24
2516,77,586,2021.09.08
2517,190,586,2020.02.11
2518,193,586,2020.04.09
2519,224,586,2021.09.14
2520,200,587,2022.07.08
2521,70,587,2022.06.29
2522,200,588,2022.03.06
2523,77,588,2022.01.25
2524,200,589,2022.07.08
2525,281,590,2022.06.25
2526,280,590,2022.06.25
2527,281,591,2022.07.10
2528,202,591,2021.10.26
2529,1106,591,2022.07.10
2530,280,591,2022.07.10
2531,1111,591,2022.01.26
2532,281,592,2022.08.02
2533,1214,592,2022.08.02
2534,76,593,2022.05.07
2535,76,594,2021.08.02
2536,77,594,2021.08.02
2537,70,594,2021.08.02
2538,76,595,2021.09.05
2539,76,596,2020.04.14
2540,76,597,2022.05.31
2541,70,597,2021.07.05
2542,70,597,2021.05.04
2543,227,597,2022.02.17
2544,309,597,2021.08.03
2545,76,598,2022.02.19
2546,224,598,2022.01.21
2547,76,599,2021.10.20
2548,76,600,2021.12.18
2549,76,600,2021.12.18
2550,254,600,2021.12.25
2551,66,600,2021.12.25
2552,76,601,2021.02.15
2553,76,602,2021.12.24
2554,202,603,2022.06.15
2555,70,603,2022.06.15
2556,1105,603,2022.06.15
2557,1106,603,2022.06.15
2558,202,604,2022.01.08
2559,1043,604,2022.01.08
2560,202,605,2022.04.21
2561,70,605,2022.04.20
2562,202,606,2022.05.24
2563,77,606,2022.05.24
2564,70,606,2022.05.24
2565,224,606,2022.05.24
2566,202,607,2021.08.28
2567,202,608,2021.09.08
2568,202,609,2021.08.15
2569,202,610,2022.02.19
2570,202,611,2022.01.11
2571,202,612,2022.07.24
2572,254,612,2020.11.07
2573,202,613,2021.12.16
2574,202,613,2021.09.22
2575,77,613,2021.09.22
2576,70,613,2021.12.16
2577,82,613,2021.12.16
2578,224,613,2021.09.22
2579,96,613,2021.12.15
2580,98,613,2021.10.25
2581,202,614,2021.10.21
2582,327,614,2021.10.21
2583,202,615,2021.11.23
2584,1049,615,2021.11.06
2585,324,615,2021.11.06
2586,77,615,2021.11.19
2587,70,615,2021.11.06
2588,81,615,2022.05.18
2589,81,615,2022.04.04
2590,1138,615,2022.05.12
2591,332,615,2022.05.24
2592,332,615,2022.05.18
2593,332,615,2022.05.12
2594,330,615,2022.05.24
2595,330,615,2022.05.12
2596,331,615,2022.05.12
2597,82,615,2022.05.18
2598,224,615,2021.11.19
2599,202,616,2020.12.11
2600,1094,616,2021.11.22
2601,293,616,2020.12.19
2602,193,616,2021.10.26
2603,202,617,2022.07.19
2604,77,617,2022.07.19
2605,202,618,2022.06.27
2606,66,618,2022.06.27
2607,202,619,2022.02.22
2608,70,619,2022.03.04
2609,70,619,2022.02.22
2610,70,619,2022.02.05
2611,1012,619,2022.02.27
2612,1013,619,2022.02.27
2613,1166,619,2022.03.04
2614,202,620,2021.01.25
2615,202,621,2021.09.25
2616,324,621,2021.09.25
2617,77,621,2021.12.06
2618,202,622,2021.12.16
2619,1007,622,2021.12.16
2620,202,623,2021.07.03
2621,115,623,2021.07.03
2622,202,624,2021.11.08
2623,202,625,2021.10.29
2624,1012,625,2021.10.29
2625,202,626,2022.02.15
2626,202,626,2022.01.25
2627,1170,626,2022.02.28
2628,1054,626,2022.01.06
2629,70,626,2021.12.29
2630,202,627,2021.01.08
2631,202,628,2021.12.31
2632,70,628,2022.01.02
2633,202,629,2021.09.30
2634,77,629,2021.09.16
2635,224,629,2021.09.18
2636,202,630,2022.02.09
2637,202,631,2022.02.24
2638,202,632,2021.07.03
2639,202,633,2022.04.11
2640,254,633,2022.04.11
2641,324,633,2021.11.07
2642,1043,633,2022.04.11
2643,1092,633,2022.04.11
2644,1094,633,2021.09.29
2645,190,633,2021.11.07
2646,190,633,2021.09.29
2647,202,634,2021.11.16
2648,193,634,2022.01.23
2649,202,635,2021.03.07
2650,202,636,2021.12.23
2651,202,637,2021.02.08
2652,77,637,2021.09.13
2653,182,637,2021.02.08
2654,181,637,2021.02.05
2655,1167,637,2022.05.24
2656,219,637,2021.09.13
2657,222,637,2021.09.13
2658,202,638,2022.01.21
2659,70,638,2022.01.21
2660,202,639,2022.07.04
2661,202,640,2021.09.22
2662,202,641,2022.03.27
2663,202,642,2022.06.10
2664,202,643,2021.10.18
2665,70,643,2021.10.18
2666,202,644,2021.12.27
2667,70,644,2021.12.27
2668,202,645,2022.02.09
2669,77,645,2022.02.08
2670,202,646,2021.08.18
2671,1094,646,2022.03.20
2672,190,646,2022.03.20
2673,202,647,2022.01.22
2674,202,648,2022.02.15
2675,325,648,2022.02.17
2676,1085,648,2022.02.15
2677,1014,648,2022.02.15
2678,202,649,2021.02.14
2679,202,650,2022.03.11
2680,202,651,2022.01.02
2681,202,651,2021.12.29
2682,202,652,2021.02.01
2683,202,653,2022.03.03
2684,70,653,2022.03.03
2685,1007,654,2022.01.28
2686,1054,654,2022.01.25
2687,1016,654,2022.01.25
2688,326,654,2022.01.25
2689,1167,654,2022.01.25
2690,81,654,2022.01.26
2691,1007,655,2022.05.04
2692,70,655,2022.05.04
2693,1007,656,2022.06.10
2694,1092,656,2022.06.10
2695,1007,657,2022.03.08
2696,125,658,2021.12.06
2697,254,658,2021.12.06
2698,1064,658,2021.12.26
2699,1020,659,2022.03.16
2700,340,660,2021.04.23
2701,224,660,2021.10.04
2702,340,661,2022.01.23
2703,1049,661,2022.01.23
2704,340,662,2022.05.12
2705,224,662,2022.05.12
2706,340,663,2021.11.16
2707,340,664,2021.04.02
2708,340,665,2021.09.24
2709,1049,666,2022.04.21
2710,1049,667,2021.12.20
2711,1049,668,2022.06.27
2712,254,668,2022.06.27
2713,66,668,2022.06.27
2714,1049,669,2022.02.09
2715,1049,670,2021.12.08
2716,1111,670,2021.12.08
2717,1049,671,2022.01.31
2718,70,671,2022.01.31
2719,1049,672,2022.01.25
2720,1049,673,2022.06.28
2721,1054,673,2022.05.24
2722,1214,673,2022.07.03
2723,224,673,2022.06.28
2724,1049,674,2021.12.25
2725,1049,675,2022.02.09
2726,1049,676,2021.11.16
2727,1049,677,2021.10.15
2728,1049,678,2022.02.08
2729,1049,679,2022.05.03
2730,1049,680,2022.07.11
2731,89,680,2022.02.05
2732,81,680,2022.02.05
2733,1049,681,2022.03.27
2734,1049,682,2022.06.27
2735,1049,683,2021.11.24
2736,70,683,2021.09.09
2737,1049,684,2022.01.15
2738,1049,685,2022.01.28
2739,1049,686,2022.06.30
2740,254,687,2022.05.21
2741,254,688,2021.12.14
2742,254,689,2021.10.29
2743,254,690,2022.04.22
2744,280,690,2022.04.22
2745,1094,690,2022.04.19
2746,190,690,2022.04.19
2747,254,691,2022.04.30
2748,254,692,2020.12.14
2749,77,692,2022.08.09
2750,70,692,2020.12.14
2751,254,693,2020.12.17
2752,1054,693,2022.04.30
2753,66,693,2020.12.17
2754,1092,693,2022.04.30
2755,1167,693,2022.07.07
2756,1214,693,2022.07.07
2757,254,694,2022.03.07
2758,254,695,2022.02.18
2759,77,695,2022.02.18
2760,254,696,2022.05.02
2761,70,696,2020.08.22
2762,299,696,2022.07.07
2763,224,696,2022.05.24
2764,254,697,2021.12.14
2765,254,698,2022.05.13
2766,1105,698,2022.05.13
2767,66,698,2022.05.13
2768,299,698,2022.05.13
2769,224,698,2022.05.13
2770,254,699,2022.08.01
2771,254,700,2020.12.21
2772,70,700,2020.12.21
2773,254,701,2021.12.28
2774,254,701,2021.12.28
2775,77,701,2022.01.08
2776,66,701,2021.12.28
2777,299,701,2022.01.08
2778,254,702,2022.05.30
2779,326,702,2022.05.30
2780,332,702,2022.05.30
2781,330,702,2022.05.30
2782,254,703,2022.02.12
2783,254,704,2022.06.17
2784,254,705,2022.07.18
2785,299,705,2022.07.18
2786,1214,705,2022.07.06
2787,1136,705,2022.07.06
2788,1064,705,2022.07.06
2789,196,705,2022.07.18
2790,82,705,2022.07.18
2791,254,706,2021.12.04
2792,1170,707,2022.03.15
2793,1170,708,2022.06.30
2794,1170,709,2022.06.03
2795,95,709,2022.06.03
2796,95,709,2022.06.01
2797,95,710,2022.05.02
2798,280,710,2022.05.02
2799,95,711,2020.04.23
2800,95,712,2022.06.22
2801,1092,712,2022.06.22
2802,81,712,2022.06.22
2803,95,713,2021.12.19
2804,243,714,2020.12.19
2805,190,714,2021.01.15
2806,293,714,2021.01.15
2807,193,714,2020.12.30
2808,243,715,2022.07.15
2809,244,715,2022.07.15
2810,190,715,2022.07.15
2811,243,716,2020.08.08
2812,77,716,2020.11.03
2813,244,717,2020.09.23
2814,96,717,2020.09.23
2815,1113,718,2022.02.09
2816,1113,719,2022.06.29
2817,1113,720,2022.04.19
2818,1013,720,2022.05.23
2819,1113,721,2022.08.09
2820,1113,722,2022.03.22
2821,1113,723,2022.04.25
2822,1113,724,2022.06.23
2823,357,725,2021.09.14
2824,358,726,2021.10.24
2825,358,727,2022.01.21
2826,77,727,2022.01.17
2827,162,727,2021.09.22
2828,345,728,2022.01.21
2829,324,728,2022.01.21
2830,81,728,2022.01.28
2831,1061,728,2022.01.28
2832,345,729,2022.03.16
2833,1054,729,2022.05.02
2834,1190,729,2022.03.17
2835,1094,729,2021.12.08
2836,345,730,2022.03.04
2837,77,730,2022.03.04
2838,1167,730,2022.03.03
2839,1196,730,2022.03.03
2840,345,731,2022.07.12
2841,325,731,2022.07.12
2842,1105,731,2022.07.12
2843,324,732,2021.10.31
2844,70,732,2021.09.09
2845,324,733,2022.01.01
2846,1167,733,2022.01.16
2847,324,734,2021.05.06
2848,324,734,2021.05.06
2849,324,735,2021.07.29
2850,1016,735,2021.07.29
2851,326,735,2021.10.07
2852,1014,735,2021.08.11
2853,324,736,2021.04.02
2854,324,737,2021.06.21
2855,324,738,2022.01.05
2856,1012,738,2022.01.05
2857,1107,739,2021.11.07
2858,1065,739,2021.11.10
2859,1107,740,2021.12.10
2860,182,740,2021.12.23
2861,255,740,2021.12.23
2862,82,740,2021.12.13
2863,1107,741,2022.05.26
2864,1107,742,2022.04.17
2865,190,742,2022.04.04
2866,1043,743,2022.01.18
2867,77,743,2022.01.09
2868,1085,743,2022.01.09
2869,222,743,2021.09.13
2870,1043,744,2022.01.15
2871,1092,744,2022.01.15
2872,1094,744,2022.01.15
2873,309,744,2022.01.15
2874,1043,745,2022.07.29
2875,1054,746,2022.04.21
2876,70,746,2022.04.21
2877,1054,747,2022.05.11
2878,1085,747,2022.05.11
2879,1092,747,2022.05.11
2880,1054,748,2022.08.02
2881,1054,749,2022.03.08
2882,1054,750,2022.05.03
2883,1106,750,2022.05.03
2884,1054,751,2021.11.30
2885,182,751,2021.11.30
2886,1054,752,2022.04.10
2887,1054,753,2022.05.24
2888,1054,754,2021.10.29
2889,326,754,2021.10.29
2890,1054,755,2022.03.15
2891,326,755,2022.03.15
2892,1054,756,2022.07.25
2893,1064,756,2022.07.25
2894,1054,757,2022.03.07
2895,1054,758,2022.08.08
2896,70,758,2022.08.08
2897,1092,758,2022.08.08
2898,81,758,2022.08.08
2899,81,758,2022.08.08
2900,1054,759,2022.02.04
2901,1167,759,2022.02.04
2902,1054,760,2021.10.26
2903,77,761,2022.06.23
2904,77,762,2021.12.21
2905,77,763,2022.01.11
2906,70,763,2022.01.11
2907,77,764,2022.06.20
2908,77,764,2022.02.28
2909,77,765,2022.02.09
2910,70,765,2022.02.09
2911,77,766,2022.03.18
2912,77,767,2022.07.21
2913,70,767,2022.07.21
2914,77,768,2022.05.22
2915,327,768,2021.12.23
2916,1085,768,2022.05.22
2917,70,768,2022.05.22
2918,1092,768,2022.05.22
2919,224,768,2021.12.23
2920,77,769,2021.03.15
2921,70,769,2021.03.15
2922,77,770,2021.07.09
2923,77,771,2021.11.16
2924,77,772,2021.09.20
2925,77,773,2020.09.23
2926,77,774,2021.09.09
2927,1060,774,2021.09.10
2928,77,775,2022.07.14
2929,77,775,2022.07.14
2930,77,775,2021.11.05
2931,77,775,2021.11.05
2932,1110,775,2022.01.22
2933,90,775,2020.06.25
2934,89,775,2022.01.06
2935,162,775,2020.06.25
2936,1016,775,2022.01.22
2937,255,775,2022.01.06
2938,1092,775,2022.01.22
2939,1094,775,2022.01.22
2940,77,776,2021.12.09
2941,77,777,2021.10.20
2942,77,778,2022.07.27
2943,77,779,2021.11.10
2944,77,780,2021.05.06
2945,190,780,2021.05.06
2946,113,780,2021.06.13
2947,77,781,2021.12.04
2948,77,782,2022.01.18
2949,70,782,2022.01.18
2950,77,783,2022.04.19
2951,77,784,2021.11.13
2952,77,785,2022.07.02
2953,77,785,2021.07.20
2954,66,785,2021.02.10
2955,66,785,2020.07.18
2956,77,786,2022.06.18
2957,77,787,2022.06.22
2958,77,788,2021.01.23
2959,70,788,2021.01.23
2960,294,788,2021.01.23
2961,77,789,2021.08.09
2962,77,790,2021.10.14
2963,77,791,2021.12.20
2964,77,791,2021.12.20
2965,77,791,2021.12.20
2966,77,792,2022.05.05
2967,77,793,2022.05.06
2968,1092,793,2022.05.06
2969,1136,793,2022.05.06
2970,1094,793,2022.05.06
2971,294,793,2022.05.06
2972,193,793,2022.05.06
2973,77,794,2020.12.24
2974,77,795,2021.03.31
2975,77,796,2021.07.27
2976,77,796,2021.07.27
2977,70,796,2022.03.13
2978,66,796,2021.08.03
2979,1098,796,2022.01.02
2980,1064,796,2021.10.21
2981,309,796,2021.08.03
2982,77,797,2021.01.29
2983,77,798,2020.04.04
2984,77,799,2020.08.20
2985,70,799,2020.08.20
2986,77,800,2022.08.06
2987,77,801,2022.07.15
2988,1214,801,2022.07.15
2989,1064,801,2022.07.19
2990,77,802,2022.05.05
2991,70,802,2022.05.05
2992,224,802,2022.05.05
2993,77,803,2022.04.04
2994,77,804,2021.12.28
2995,224,804,2021.12.28
2996,77,805,2022.01.26
2997,77,806,2021.09.15
2998,224,806,2021.09.13
2999,77,807,2021.09.14
3000,77,808,2022.01.24
3001,77,809,2020.10.17
3002,77,810,2022.01.24
3003,299,810,2022.01.24
3004,77,811,2020.07.06
3005,77,812,2021.09.14
3006,224,812,2021.09.14
3007,77,813,2022.01.04
3008,70,813,2022.01.04
3009,1167,813,2022.02.11
3010,77,814,2022.06.30
3011,327,814,2022.06.30
3012,70,814,2022.06.30
3013,224,814,2022.06.30
3014,77,815,2021.10.03
3015,77,816,2022.06.29
3016,77,816,2021.06.10
3017,81,816,2021.07.20
3018,77,817,2022.04.24
3019,77,818,2021.09.14
3020,70,818,2021.12.30
3021,70,818,2021.12.17
3022,70,818,2020.11.13
3023,113,818,2020.11.11
3024,224,818,2021.09.13
3025,77,819,2021.01.20
3026,77,820,2022.07.17
3027,77,820,2021.07.22
3028,89,820,2021.02.08
3029,118,820,2021.02.08
3030,118,820,2021.02.08
3031,82,820,2021.02.08
3032,77,821,2021.05.24
3033,77,822,2021.09.09
3034,70,822,2021.09.09
3035,77,823,2021.10.30
3036,224,823,2021.10.30
3037,77,824,2022.01.16
3038,70,824,2022.01.16
3039,77,825,2019.10.22
3040,77,826,2022.07.26
3041,77,826,2022.05.25
3042,1092,826,2022.07.26
3043,77,827,2022.01.18
3044,77,827,2021.10.28
3045,77,827,2021.10.26
3046,77,827,2021.10.26
3047,70,827,2021.10.28
3048,77,828,2022.04.20
3049,77,829,2022.03.08
3050,77,829,2021.12.21
3051,66,829,2020.12.02
3052,253,829,2020.12.25
3053,77,830,2022.02.23
3054,77,831,2022.04.08
3055,70,831,2022.04.08
3056,77,832,2020.11.05
3057,70,832,2020.11.05
3058,77,833,2020.07.16
3059,77,834,2022.07.06
3060,1094,834,2022.07.06
3061,77,835,2022.01.15
3062,77,835,2022.01.12
3063,77,836,2022.05.03
3064,70,836,2022.05.03
3065,1092,836,2022.05.03
3066,77,837,2022.06.22
3067,77,837,2022.06.14
3068,70,837,2022.06.22
3069,66,837,2022.06.22
3070,1214,837,2022.06.14
3071,1064,837,2022.06.14
3072,77,838,2022.04.27
3073,1111,838,2022.04.27
3074,77,839,2022.01.21
3075,77,840,2022.01.21
3076,70,840,2022.01.21
3077,77,841,2022.03.17
3078,77,842,2022.03.21
3079,70,842,2021.12.22
3080,1136,842,2021.12.22
3081,77,843,2022.01.14
3082,77,844,2021.02.04
3083,77,845,2021.11.16
3084,77,846,2022.05.24
3085,77,846,2021.12.06
3086,77,847,2022.02.12
3087,77,848,2022.06.27
3088,70,848,2022.06.27
3089,77,849,2021.09.14
3090,77,850,2022.01.11
3091,77,851,2021.12.26
3092,1065,852,2022.06.09
3093,1065,853,2022.01.13
3094,1065,854,2021.12.15
3095,1065,855,2022.06.02
3096,353,855,2022.06.02
3097,70,855,2022.06.02
3098,81,855,2022.06.02
3099,193,855,2022.06.02
3100,1065,856,2022.05.27
3101,1122,857,2022.06.28
3102,1110,858,2021.12.04
3103,1019,859,2022.01.12
3104,90,860,2022.05.30
3105,89,860,2022.06.08
3106,90,861,2022.06.27
3107,90,862,2022.02.18
3108,89,862,2022.02.18
3109,1092,862,2022.02.17
3110,81,862,2022.02.18
3111,1021,863,2021.11.16
3112,89,864,2022.07.28
3113,89,865,2022.04.06
3114,89,866,2022.02.25
3115,89,867,2020.11.09
3116,89,868,2022.07.14
3117,89,869,2020.11.08
3118,120,869,2020.11.16
3119,89,870,2021.09.02
3120,89,871,2022.07.11
3121,89,872,2021.03.12
3122,1094,872,2022.03.04
3123,1094,872,2022.01.03
3124,190,872,2021.11.08
3125,190,872,2021.02.22
3126,294,872,2022.03.04
3127,294,872,2021.02.22
3128,294,872,2021.02.12
3129,293,872,2021.03.16
3130,196,872,2021.11.12
3131,193,872,2021.11.08
3132,224,872,2021.01.30
3133,89,873,2022.03.01
3134,89,874,2022.06.08
3135,89,875,2021.09.29
3136,89,876,2022.06.23
3137,89,877,2022.01.13
3138,162,878,2021.11.17
3139,162,878,2021.11.17
3140,162,879,2021.10.06
3141,162,880,2021.11.18
3142,162,881,2020.08.03
3143,162,881,2020.08.03
3144,81,881,2020.09.08
3145,162,882,2021.11.11
3146,70,882,2021.11.11
3147,162,883,2020.12.21
3148,70,883,2021.01.04
3149,162,884,2021.02.18
3150,162,885,2020.12.15
3151,162,886,2021.09.16
3152,1092,886,2021.10.31
3153,224,886,2021.11.06
3154,162,887,2021.07.26
3155,162,888,2021.04.24
3156,162,889,2020.04.24
3157,162,890,2020.05.18
3158,1016,891,2022.02.27
3159,1016,892,2022.05.27
3160,1085,892,2022.05.27
3161,1092,892,2022.05.27
3162,327,893,2022.05.29
3163,1064,893,2022.05.29
3164,222,893,2022.05.29
3165,327,894,2022.01.18
3166,327,895,2021.08.20
3167,326,896,2021.11.24
3168,326,897,2021.05.04
3169,326,898,2022.06.28
3170,1094,898,2021.12.30
3171,182,899,2022.01.03
3172,181,900,2021.10.26
3173,181,901,2021.12.14
3174,190,901,2020.07.22
3175,181,902,2021.08.10
3176,353,903,2022.05.24
3177,1074,904,2022.02.10
3178,70,905,2022.03.05
3179,70,906,2022.05.02
3180,70,907,2022.06.24
3181,1092,907,2022.06.24
3182,70,908,2020.08.23
3183,70,909,2021.12.22
3184,70,910,2022.07.12
3185,81,910,2022.07.11
3186,70,911,2021.09.09
3187,70,912,2020.12.24
3188,70,913,2021.11.14
3189,190,913,2021.11.08
3190,222,913,2022.07.14
3191,70,914,2022.05.22
3192,1064,914,2022.05.07
3193,70,915,2022.05.20
3194,70,916,2020.09.05
3195,70,917,2022.02.18
3196,70,918,2022.01.21
3197,1098,918,2022.01.21
3198,70,919,2022.03.11
3199,1012,919,2022.03.15
3200,1012,919,2022.03.11
3201,1013,919,2022.03.15
3202,1013,919,2022.03.11
3203,70,920,2022.05.24
3204,70,921,2022.05.11
3205,70,922,2021.12.04
3206,70,923,2022.02.08
3207,70,924,2022.05.02
3208,70,925,2022.01.21
3209,70,926,2021.12.21
3210,70,927,2022.06.22
3211,70,928,2022.06.29
3212,70,929,2019.11.11
3213,70,930,2021.12.08
3214,70,931,2021.12.16
3215,70,932,2021.12.28
3216,70,933,2022.07.06
3217,1094,933,2022.07.06
3218,190,933,2022.07.06
3219,294,933,2022.07.06
3220,70,934,2019.10.29
3221,70,935,2022.07.13
3222,70,936,2020.01.06
3223,70,937,2020.12.27
3224,81,937,2020.12.27
3225,294,937,2020.12.27
3226,70,938,2022.07.08
3227,82,938,2022.03.20
3228,70,939,2022.07.01
3229,70,940,2021.09.30
3230,70,941,2021.09.07
3231,70,942,2021.12.13
3232,70,943,2019.11.06
3233,70,944,2021.10.14
3234,70,945,2019.12.20
3235,70,946,2022.06.30
3236,70,947,2019.12.19
3237,70,948,2022.03.17
3238,70,949,2022.07.19
3239,70,950,2022.07.13
3240,1106,950,2022.07.13
3241,70,951,2022.07.26
3242,66,951,2022.07.26
3243,1124,951,2022.07.26
3244,70,952,2022.08.04
3245,70,953,2022.01.14
3246,1092,953,2022.01.08
3247,70,954,2021.11.14
3248,70,955,2021.07.15
3249,70,955,2021.07.15
3250,70,956,2022.06.17
3251,70,957,2020.11.15
3252,70,958,2020.09.18
3253,1105,959,2021.12.28
3254,1105,960,2022.06.10
3255,1136,960,2022.06.10
3256,1105,961,2022.04.19
3257,1105,962,2022.06.11
3258,1105,963,2022.04.10
3259,1064,963,2022.04.17
3260,1105,964,2022.05.24
3261,1216,964,2022.05.24
3262,1105,965,2022.04.02
3263,1105,966,2022.07.20
3264,224,966,2022.07.20
3265,1106,967,2022.07.07
3266,1216,967,2022.07.07
3267,66,968,2022.06.26
3268,224,968,2022.06.26
3269,66,969,2022.04.19
3270,1012,969,2022.04.19
3271,66,970,2020.12.20
3272,66,971,2021.01.16
3273,299,971,2021.01.15
3274,66,972,2021.10.21
3275,66,973,2021.10.20
3276,224,973,2021.10.20
3277,66,974,2022.05.24
3278,66,975,2022.07.10
3279,1064,975,2022.07.10
3280,66,976,2022.04.15
3281,1094,976,2022.04.15
3282,1064,976,2022.04.15
3283,299,977,2021.10.03
3284,1216,978,2022.05.24
3285,1064,978,2022.05.24
3286,1092,979,2022.02.22
3287,1092,980,2022.05.24
3288,1092,980,2022.05.24
3289,1092,981,2022.07.15
3290,1092,982,2022.07.13
3291,1092,983,2022.05.13
3292,1092,984,2022.07.28
3293,1092,985,2022.06.16
3294,81,985,2022.05.24
3295,1092,986,2022.01.27
3296,1092,987,2022.04.22
3297,1167,987,2022.02.26
3298,1092,988,2022.07.28
3299,1092,989,2022.04.21
3300,1092,990,2022.04.14
3301,1092,991,2022.05.02
3302,1014,991,2022.05.02
3303,1092,992,2021.10.27
3304,100,992,2021.12.13
3305,1092,993,2022.07.19
3306,190,993,2021.11.24
3307,193,993,2021.11.24
3308,1092,994,2022.01.17
3309,1092,995,2022.02.22
3310,1129,996,2022.05.02
3311,115,997,2021.02.18
3312,115,998,2021.11.26
3313,115,999,2022.03.15
3314,1012,1000,2022.02.03
3315,1012,1001,2022.01.28
3316,1014,1002,2022.04.19
3317,1167,1003,2022.04.06
3318,1167,1004,2022.04.29
3319,1167,1005,2022.04.06
3320,1167,1006,2022.05.25
3321,1167,1007,2022.05.09
3322,1167,1008,2022.04.09
3323,1167,1009,2022.01.19
3324,227,1010,2022.08.05
3325,227,1011,2021.10.22
3326,227,1012,2022.02.15
3327,85,1013,2022.07.19
3328,81,1014,2022.07.17
3329,196,1014,2022.06.15
3330,82,1014,2022.08.02
3331,98,1014,2022.07.14
3332,81,1015,2022.05.07
3333,81,1016,2020.03.13
3334,294,1016,2020.12.12
3335,81,1017,2022.07.14
3336,81,1018,2022.01.21
3337,81,1019,2022.03.10
3338,98,1019,2022.03.10
3339,81,1020,2022.02.11
3340,81,1020,2022.02.11
3341,81,1021,2022.06.30
3342,81,1022,2022.02.05
3343,81,1023,2022.06.02
3344,81,1024,2022.07.30
3345,81,1025,2021.07.23
3346,352,1025,2021.11.27
3347,81,1026,2021.06.02
3348,81,1027,2020.10.22
3349,196,1027,2021.03.06
3350,81,1028,2021.08.07
3351,81,1029,2021.05.30
3352,193,1029,2021.05.30
3353,81,1030,2022.01.18
3354,81,1031,2022.02.11
3355,82,1031,2022.02.11
3356,81,1032,2022.01.21
3357,81,1032,2022.01.21
3358,81,1032,2022.01.21
3359,81,1033,2022.06.17
3360,280,1034,2021.01.06
3361,280,1035,2022.03.07
3362,280,1036,2022.05.13
3363,1214,1036,2022.06.17
3364,1094,1036,2022.05.13
3365,1064,1036,2022.06.17
3366,1064,1036,2022.05.13
3367,190,1036,2022.05.13
3368,224,1036,2022.06.17
3369,280,1037,2022.04.25
3370,280,1038,2022.02.13
3371,309,1038,2022.02.15
3372,280,1039,2022.07.01
3373,280,1040,2022.03.14
3374,1094,1040,2022.03.19
3375,1166,1041,2022.02.22
3376,1224,1042,2022.06.27
3377,363,1042,2022.06.27
3378,1214,1043,2022.07.06
3379,1214,1044,2022.06.15
3380,294,1044,2022.07.03
3381,1214,1045,2022.07.15
3382,1214,1046,2022.05.27
3383,1196,1047,2022.05.25
3384,1062,1047,2022.05.25
3385,1196,1048,2022.04.26
3386,1150,1049,2022.07.03
3387,120,1049,2022.07.03
3388,1149,1050,2022.05.07
3389,1137,1051,2022.04.01
3390,1136,1052,2021.12.23
3391,1136,1053,2022.05.08
3392,1136,1054,2022.03.19
3393,1136,1055,2022.03.08
3394,1136,1056,2022.01.21
3395,190,1056,2020.12.28
3396,294,1056,2020.12.28
3397,293,1056,2020.12.28
3398,1134,1057,2022.03.01
3399,1094,1057,2022.03.03
3400,1132,1058,2022.05.23
3401,1123,1059,2022.01.06
3402,1123,1060,2022.01.30
3403,1115,1061,2022.03.14
3404,1111,1062,2021.11.03
3405,309,1062,2021.11.03
3406,222,1062,2021.11.03
3407,1111,1063,2022.08.01
3408,1111,1064,2022.01.03
3409,1111,1065,2022.07.07
3410,1098,1066,2022.06.05
3411,1098,1067,2021.09.29
3412,1098,1068,2022.02.22
3413,1094,1069,2022.05.04
3414,190,1069,2022.05.04
3415,1094,1070,2022.06.29
3416,1094,1071,2022.05.12
3417,1094,1072,2022.01.22
3418,1094,1073,2022.01.21
3419,1094,1074,2022.07.01
3420,190,1074,2022.07.01
3421,309,1074,2021.12.21
3422,193,1074,2022.07.01
3423,1094,1075,2022.01.08
3424,294,1075,2022.01.08
3425,193,1075,2022.01.08
3426,1094,1076,2022.08.10
3427,1094,1077,2022.05.24
3428,1094,1078,2021.12.17
3429,1094,1078,2021.12.13
3430,190,1078,2021.12.17
3431,294,1078,2021.12.17
3432,80,1078,2021.12.17
3433,82,1078,2021.12.17
3434,1094,1079,2021.10.21
3435,1094,1080,2021.12.08
3436,1094,1081,2022.06.20
3437,1094,1082,2022.06.08
3438,1094,1083,2022.01.23
3439,1094,1084,2022.06.11
3440,1062,1084,2022.06.11
3441,190,1084,2022.06.11
3442,294,1084,2022.06.11
3443,1094,1085,2022.01.14
3444,1094,1085,2022.01.09
3445,1094,1085,2022.01.09
3446,1094,1085,2021.12.20
3447,1094,1086,2022.03.03
3448,1094,1087,2022.01.16
3449,1094,1088,2022.02.09
3450,1094,1089,2022.02.14
3451,1094,1090,2021.12.14
3452,1061,1090,2021.12.14
3453,193,1090,2021.12.14
3454,308,1090,2021.12.07
3455,222,1090,2021.12.07
3456,131,1090,2021.12.17
3457,1094,1091,2022.05.24
3458,331,1091,2022.05.24
3459,1094,1092,2022.06.08
3460,1094,1093,2021.12.28
3461,1094,1094,2021.12.24
3462,1094,1095,2021.10.07
3463,1094,1096,2022.01.22
3464,1061,1096,2022.01.22
3465,309,1096,2022.01.22
3466,1094,1097,2022.04.26
3467,1094,1098,2022.04.22
3468,190,1098,2022.05.23
3469,294,1098,2022.05.23
3470,1094,1099,2021.10.06
3471,1094,1100,2021.12.18
3472,1094,1101,2021.12.17
3473,1094,1102,2022.01.02
3474,1094,1103,2021.12.18
3475,190,1103,2021.12.18
3476,1094,1104,2022.01.31
3477,1064,1105,2022.07.22
3478,1064,1106,2021.12.19
3479,1064,1107,2022.02.18
3480,1064,1108,2021.12.11
3481,1064,1109,2022.06.06
3482,1064,1110,2022.07.13
3483,1064,1111,2022.08.06
3484,1064,1112,2022.08.04
3485,224,1112,2022.08.04
3486,1064,1113,2022.04.19
3487,1064,1113,2022.04.19
3488,1064,1114,2022.05.17
3489,220,1114,2022.05.17
3490,224,1114,2022.05.17
3491,1064,1115,2022.01.22
3492,1061,1116,2022.06.15
3493,1061,1117,2022.03.16
3494,1061,1118,2022.02.18
3495,1061,1119,2022.02.10
3496,1061,1120,2022.02.03
3497,1060,1121,2022.02.22
3498,363,1122,2022.06.08
3499,253,1123,2021.09.10
3500,253,1124,2022.03.24
3501,253,1125,2021.08.06
3502,253,1126,2022.02.20
3503,253,1127,2022.07.01
3504,332,1128,2021.09.25
3505,330,1129,2022.03.17
3506,330,1130,2022.04.20
3507,331,1131,2022.04.20
3508,331,1131,2022.04.20
3509,331,1131,2022.04.20
3510,331,1132,2022.04.28
3511,331,1133,2022.07.29
3512,331,1134,2022.03.24
3513,331,1135,2022.02.10
3514,331,1136,2021.07.06
3515,352,1136,2021.05.18
3516,331,1137,2021.07.20
3517,190,1137,2021.02.03
3518,196,1137,2021.07.20
3519,196,1137,2021.02.03
3520,193,1137,2021.02.03
3521,190,1138,2022.07.26
3522,190,1139,2021.10.30
3523,190,1140,2019.12.31
3524,190,1141,2022.05.12
3525,190,1142,2020.03.20
3526,190,1143,2022.04.27
3527,190,1144,2022.05.10
3528,96,1144,2022.05.10
3529,190,1145,2022.06.23
3530,190,1146,2021.09.01
3531,294,1146,2021.09.01
3532,190,1147,2020.03.03
3533,190,1148,2022.01.23
3534,294,1148,2022.01.23
3535,190,1149,2021.07.30
3536,294,1149,2021.07.29
3537,220,1149,2021.12.03
3538,190,1150,2021.03.18
3539,190,1151,2022.04.09
3540,190,1152,2020.05.15
3541,193,1152,2020.05.15
3542,190,1153,2020.09.15
3543,196,1153,2020.09.21
3544,193,1153,2020.09.21
3545,190,1154,2021.12.14
3546,190,1155,2021.11.26
3547,294,1156,2022.01.12
3548,294,1157,2021.01.16
3549,294,1158,2022.02.07
3550,294,1158,2022.02.02
3551,293,1159,2021.07.23
3552,196,1160,2020.05.19
3553,352,1161,2021.04.07
3554,309,1161,2021.03.29
3555,352,1162,2021.04.13
3556,96,1162,2022.05.06
3557,98,1162,2022.05.06
3558,352,1163,2022.01.25
3559,352,1164,2021.07.21
3560,352,1165,2021.11.13
3561,352,1166,2021.04.08
3562,219,1167,2022.07.30
3563,219,1168,2022.05.02
3564,118,1169,2019.12.06
3565,309,1170,2022.05.04
3566,222,1170,2021.09.29
3567,309,1171,2021.02.19
3568,193,1172,2022.07.12
3569,193,1173,2022.07.12
3570,193,1174,2020.12.22
3571,193,1174,2020.12.22
3572,193,1175,2020.01.31
3573,308,1176,2021.06.24
3574,308,1177,2021.05.18
3575,222,1178,2021.12.04
3576,222,1179,2022.03.15
3577,222,1180,2022.07.28
3578,222,1181,2022.06.02
3579,222,1182,2022.07.03
3580,224,1182,2022.07.03
3581,222,1183,2020.07.18
3582,222,1184,2020.11.24
3583,222,1185,2021.09.23
3584,222,1186,2022.03.10
3585,131,1187,2021.12.05
3586,80,1188,2021.12.23
3587,82,1189,2022.03.02
3588,82,1190,2022.03.21
3589,298,1191,2022.01.24
3590,296,1192,2021.01.08
3591,113,1193,2021.06.01
3592,224,1194,2022.05.24
3593,224,1195,2022.05.25
3594,224,1196,2020.05.31
3595,224,1197,2020.07.17
3596,224,1198,2022.07.19
3597,224,1199,2022.06.24
3598,224,1200,2022.06.04
3599,224,1201,2022.05.24
3600,224,1202,2021.11.19
3601,224,1203,2021.09.27
3602,224,1204,2021.12.22
3603,224,1205,2021.12.27
3604,224,1206,2021.09.13
3605,224,1207,2022.06.16
3606,224,1208,2021.12.21
3607,96,1209,2022.05.24
