감칠맛,걸쭉함,견과류_땅콩_잣향,고소함,곡물_옥수수_보리,기타_커피_캐러멜_토란,깔끔,꿀맛_당류,누룩,다양,단맛,독특,드라이,레몬_유자류_감귤류_자몽,매실류_파인애플,바나나_망고_멜론,바닐라_국화_매화_연꽃_유채꽃_꽃향,베리류_딸기,사과_배_감,스모키한,신맛,여운,열대과일,오디_복분자,오미자류,음료,인삼_생강강황_약재,자두_복숭아_체리,잔잔한,조화,진득,청_포도,청량,탄닌감,탄산,풀내음_나무_볏짚,허브_시트러스,화끈함,alname,id
0.23706748330001629,0.0,0.0,0.1725724977387765,0.0,0.0,0.18009598474705707,0.0,0.0,0.45413527488915606,0.2994298454377195,0.0,0.0,0.0,0.0,0.31979482525993796,0.0,0.0,0.9999999999999999,0.0,0.4034095350934128,0.22376888452172938,0.3150689944649144,0.0,0.0,0.0,0.0,0.0,0.14112684897152403,0.0,0.0,0.0,0.14367904716465021,0.0,0.9666770533261239,0.0,0.0,0.0,허니문배,1224
0.1795476991946629,0.0,0.0,0.08713410623832377,0.10688687958198007,0.0,0.09093281301287875,0.0,0.0,0.0,0.2519767277053657,0.0,0.15261243670208682,0.0,0.0,0.0,1.0,0.0,0.0,0.0,0.1357911592672199,0.11298383005536373,0.0,0.0,0.0,0.0,0.0,0.0,0.07125678779928533,0.0,0.11298383005536373,0.0,0.07254542597405254,0.0,0.0,0.0,0.0,0.0,"유채꽃, 제주",1214
0.033177642804936326,0.0,0.0,0.0,0.0,0.0,0.0,0.0,0.0,0.0,0.05587369086518816,0.0,0.0,0.0,0.0,0.0,0.0,0.0,0.0,0.0,0.11291449399238429,0.0626330023685747,0.0,0.0,0.0,0.0,0.0,1.0,0.0,0.0,0.0,0.0,0.0,0.0,0.0,0.0,0.0,0.0,크라테 자두 와인,1202
0.2433027139028664,0.0,0.0,0.0,0.0,0.0,0.18483277943485557,0.0,0.0,0.23303985709361166,0.20487019983902327,0.0,0.0,0.0,0.0,0.0,0.0,0.0,0.0,0.0,0.13800660376846968,0.0,0.0,0.0,1.0,0.7618672141699114,0.0,0.0,0.0,0.2217106150366445,0.0,0.0,0.1474580217393101,0.0,0.0,0.0,0.0,0.0,장수 오미자주,1196
0.0,0.0,0.0,0.0,0.0,0.0,0.21823875123090905,0.19678936450756151,0.0,0.0,0.2418976585971511,0.0,0.0,0.0,0.0,0.0,1.0,0.0,0.30294783020485316,0.0,0.16294939112066395,0.0,0.0,0.0,0.0,0.0,0.0,0.0,0.0,0.0,0.0,0.0,0.4352725558443154,0.0,0.5857054316279408,0.0,0.2,0.0,아카시아 미드 Batch3,1188
0.0677335666571475,0.0,0.0,0.0,0.0,0.0,0.30873597385209783,0.0,0.0,0.0,0.17110276882155398,0.0,0.0,0.0,0.0,0.0,0.0,0.0,1.0,0.0,0.23051973433909298,0.0,0.0,0.0,0.0,0.0,0.0,0.0,0.24193174109404117,0.0,0.0,0.0,0.24630693799654316,0.0,0.0,0.0,0.0,0.0,샤토미소 애플 와인,1150
0.659732215997344,0.0,0.0,0.3201666033895136,0.0,0.0,0.16706230852564963,0.0,0.0,0.21063458886235015,0.648106413984241,0.0,0.0,0.0,0.0,0.0,0.0,0.0,0.0,0.0,0.49895266170514224,0.0,0.0,0.0,0.0,0.0,0.0,0.0,0.0,0.0,0.0,1.0,0.13328089096380807,0.0,0.0,0.0,0.0,0.0,샤토미소 랑 화이트와인,1149
0.0,0.0,0.0,0.0,0.0,0.0,0.0,0.0,0.0,0.0,0.5925544356427347,0.0,0.0,0.0,0.0,0.0,0.0,0.0,0.0,0.0,0.19958106468205689,0.0,0.23381377939809445,0.0,0.0,0.0,0.0,0.241028399163769,0.0,0.0,0.0,1.0,0.0,0.0,0.0,0.0,0.0,0.0,샤토미소 퀸 아이스와인,1138
0.21991073866578137,0.0,0.0,0.0,0.0,0.0,0.0,0.0,0.0,0.0,0.5555197834150637,0.18313067244917428,0.0,0.0,0.0,0.0,0.0,0.5336711735513285,0.0,0.0,0.3742144962788566,0.0,0.0,0.0,0.0,0.34430931563762635,0.0,0.0,0.0,0.0,0.0,1.0,0.1332808909638081,0.32303658468897833,0.0,0.2803804824729688,0.0,0.0,샤토미소 로제와인 (스위트),1137
0.0,0.0,0.0,0.0,0.0,0.0,0.0,0.0,0.0,0.0,0.19206581234908432,0.0,0.0,0.0,0.0,0.0,0.0,0.0,0.0,0.0,0.2587623820658806,0.0,0.0,0.0,0.0,0.0,0.0,1.0,0.054314511338757344,0.08314148063874167,0.0,0.0,0.0,0.0,0.0,0.0,0.0,0.0,샤토미소 웨딩 자두와인,1136
0.13072161604958996,0.0,0.0,0.0,0.0,0.0,0.0,0.0,0.0,0.0,0.11007260533086909,0.0,1.0,0.0,0.0,0.0,0.0,0.0,0.0,0.0,0.29659260237158,0.0,0.0,0.0,0.0,0.0,0.0,0.0,0.15563779147389098,0.0,0.0,0.8916455161036472,0.0,0.3840454963671516,0.0,0.0,0.7280606581756501,0.0,그랑꼬또 청수 화이트와인,1134
0.0,0.0,0.0,0.0,0.0,0.0,0.0,0.0,0.0,0.0,0.693960139934538,0.0,0.0,0.0,0.0,0.0,0.0,0.9999999999999999,0.0,0.0,0.2337360000095418,0.0,0.0,0.0,0.0,0.0,0.0,0.0,0.12265361488635787,0.0,0.0,0.702679887138278,0.0,0.30265508116104817,0.0,0.0,0.28688171020714087,0.0,그랑꼬또 랑 로제와인,1132
0.12165135695143318,0.0,0.0,0.0,0.0,0.0,0.09241638971742779,0.0,0.0,0.0,0.20487019983902327,0.0,0.0,0.0,0.0,0.0,0.0,0.0,0.5131507504024904,0.0,0.13800660376846968,0.0,0.0,0.0,0.0,0.0,0.0,1.0,0.07241934845167647,0.0,0.0,0.0,0.1474580217393101,0.0,0.12401276382779215,0.0,0.0,0.0,치키피치,1124
0.10301790201744443,0.0,0.0,0.0,0.0,0.0,0.3130435309329699,0.0,0.0,0.0,0.3469800699672691,0.0,0.0,0.0,0.0,0.0,0.0,1.0,0.0,0.0,0.7012080000286257,0.0,0.0,0.0,0.0,0.0,0.0,0.0,0.0,0.0,0.0,0.23422662904609273,0.3746152056805513,0.0,0.0,0.0,0.0,0.0,초선의 꿈 로제와인,1123
0.0,0.0,0.0,0.0,0.0,0.0,0.0,0.0,0.0,0.0,0.5555197834150637,0.0,0.0,0.0,0.673162960772566,0.0,0.0,0.0,0.46381463962199637,0.0,0.7484289925577134,0.0,0.0,0.0,0.0,0.0,0.0,0.6025709979094226,0.0,0.0,0.0,1.0,0.2665617819276162,0.0,0.0,0.0,0.0,0.0,여포의 꿈 화이트와인,1119
0.08796429546631254,0.0,0.0,0.0,0.0,0.0,0.0,0.0,0.0,0.16850767108988013,0.07406930445534184,0.0,0.6729131579351253,0.0,0.0,0.0,0.0,0.21346846942053144,0.0,0.0,0.49895266170514213,0.16605965525289923,0.23381377939809442,0.0,0.0,0.0,0.0,0.0,0.31419215326423355,0.0,0.0,1.0,0.0,0.2584292677511827,0.0,0.22430438597837507,0.0,0.0,여포의 꿈 레드와인 (드라이),1116
0.1696563511182352,0.0,0.0,0.0,0.0,0.0,0.0,0.0,0.0,0.3250000066616712,1.0,0.0,0.0,0.0,0.0,0.0,0.0,0.4117157013387504,0.0,0.0,0.7698622493763415,0.6405570584930866,0.4509556115189513,0.0,0.0,0.0,0.0,0.0,0.0,0.0,0.0,0.771478246799387,0.0,0.4984313960158295,0.0,0.0,0.0,0.0,여포의 꿈 레드와인 (스위트),1115
0.0,0.0,0.0,0.0,0.0,0.0,0.0,0.0,0.0,0.1482546782190231,0.0,0.0,0.0,1.0,0.0,0.0,0.0,0.0,0.32645488341597917,0.0,0.2633900254956289,0.0,0.0,0.0,0.0,0.0,0.0,0.0,0.0,0.0,0.0,0.0,0.0,0.0,0.0,0.0,0.2155188787424096,0.0,신애유자,1111
0.0,0.0,0.0,0.0,0.0,0.0,0.0,0.0,0.0,0.0,0.16399690905291356,0.0,0.0,0.0,0.0,0.0,0.0,0.0,0.0,0.0,0.04418926025298517,0.0,0.0,1.0,0.0,0.0,0.0,0.0,0.0,0.0,0.0,0.0,0.04721557317619782,0.1144376916501346,0.0,0.0,0.0,0.0,부안 해풍 오디주,1098
0.0,0.0,0.0,0.0,0.0,0.0,0.0,0.0,0.0,0.0,0.37034652227670917,0.0,0.0,0.0,0.0,0.0,0.0,0.0,0.0,0.0,0.4989526617051423,0.0,0.0,0.0,0.0,0.0,0.0,0.0,0.0,0.2671927730994853,0.0,1.0,0.0,0.0,0.0,0.0,0.0,0.0,고도리 샤인머스캣 와인,1094
0.0,0.0,0.0,0.0,0.23566303248925877,0.0,0.0,0.0,0.45623271347332445,0.0,0.9999999999999999,0.0,0.0,0.0,0.0,0.0,0.0,0.0,0.0,0.0,0.1496954373787331,0.24910552274731146,0.0,0.0,0.0,0.0,0.0,0.0,0.31421238535350116,0.0,0.0,0.0,0.0,0.0,0.0,0.0,0.0,0.2527777829590776,"동백꽃, 제주",1064
0.06283163961879468,0.0,0.0,0.0,0.0,0.0,0.0,0.0,0.0,0.0,0.10581329207905978,0.0,0.0,0.0,0.0,0.0,0.0,0.0,0.0,0.0,0.07127895167216318,0.0,0.0,0.0,0.0,0.0,0.0,0.0,0.07480765553910323,0.0,0.0,1.0,0.0,0.0,0.0,0.0,0.0,0.0,시나브로 캠벨 스위트,1062
0.1401369080275386,0.0,0.0,0.0,0.0,0.0,0.0,0.0,0.0,0.13422573261273205,0.3540019249093104,0.0,0.0,0.0,0.0,0.0,0.0,0.17003950925418845,0.0,0.0,0.07948870947331899,0.0,0.0,0.0,0.0,0.0,0.0,0.0,0.0,0.0,0.0,0.1593111242290418,0.0,0.0,0.9999999999999999,0.0,0.0,0.0,시나브로 에뚜왈 로제 스파클링 와인,1061
0.0979432655391257,0.0,0.0,0.0,0.0,0.0,0.4464346255607329,0.0,0.0,0.0,0.24741593789082852,0.0,0.0,0.25311006573319556,0.0,0.0,0.0,0.0,0.0,0.0,1.0,0.0,0.0,0.0,0.0,0.0,0.0,0.0,0.2332234560574528,0.1785024202405423,0.0,0.0,0.11872058430760701,0.0,0.0,0.0,0.0,0.0,시나브로 청수 화이트,1060
0.1545268530261666,0.0,0.0,0.0,0.0,0.0,0.0,0.0,0.0,0.0,0.13011752623772588,0.0,0.0,0.0,0.0,0.0,0.0,0.9999999999999999,0.434550958163554,0.0,0.05843400000238545,0.0,0.0,0.0,0.0,0.0,0.0,0.0,0.0,0.0,0.0,0.0,0.0,0.0,0.21003521987879406,0.0,0.8606451306214228,0.0,루드베리,363
0.0,0.0,0.0,0.0,0.0,0.0,0.0,0.0,0.0,0.1375792961471544,0.2418976585971511,0.0,0.0,0.0,0.0,0.0,0.0,0.1742878622826734,0.0,0.0,0.08147469556033198,0.0,0.0,0.0,0.0,0.0,1.0,0.0,0.17101629071828484,0.0,0.0,0.0,0.08705451116886308,0.8439857136727698,0.0,0.0,0.0,0.0,세인트하우스 가시오가피 와인,120
0.1762978779704263,0.0,0.0,0.0,0.0,0.0,0.26786077533643976,0.0,0.0,0.0,0.29689912546899433,0.0,0.0,0.0,0.0,0.0,0.0,0.0,0.0,0.0,1.0,0.33281645333928045,0.0,0.0,0.9661373419276621,0.0,0.0,0.0,0.0,0.32130435643297617,0.0,0.0,0.2136970517536927,0.0,0.7188801720581162,0.0,0.0,0.0,오미로제 연,253
0.5228864641983599,0.0,0.0,0.0,0.0,0.0,0.0,0.0,0.0,0.0,0.33021781599260724,0.21771685726713602,1.0,0.0,0.0,0.0,0.0,0.0,0.0,0.40014849038660927,0.2965926023715801,0.24677724501994183,0.0,0.0,0.0,0.0,0.0,0.0,0.155637791473891,0.0,0.49355449003988366,0.8916455161036474,0.0,0.38404549636715163,0.0,0.6666666666666666,0.0,0.0,크라테 산머루 미디엄 드라이,297
0.2938297966173771,0.0,0.0,0.0,0.0,0.0,0.8928692511214656,0.0,0.0,0.5628712702390604,0.49483187578165705,0.0,0.0,0.0,0.0,0.0,0.0,0.0,0.0,0.0,1.0,0.0,0.0,0.0,0.0,0.0,0.0,0.0,0.3498351840861792,0.5355072607216269,0.0,0.0,0.7123235058456422,0.0,0.0,0.0,0.0,0.0,264 청포도 와인 광야,332
0.3525957559408526,0.0,0.0,0.0,0.0,0.0,0.26786077533643976,0.0,0.0,0.0,0.2968991254689943,0.2936241234963425,0.0,0.0,0.0,0.0,0.0,0.0,0.0,0.0,1.0,0.0,0.0,0.0,0.0,0.0,0.0,0.0,0.6297033313551227,0.32130435643297617,0.0,0.8016792587758184,0.4273941035073853,0.0,0.0,0.0,0.0,0.0,264 청포도 와인 꽃,330
0.21938993960449765,0.0,0.0,0.0,0.0,0.0,1.0,0.0,0.0,0.0,0.1847347283902005,0.0,0.0,0.0,0.6715687565050148,0.0,0.0,0.0,0.0,0.0,0.9955420547548507,0.0,0.5831501368699316,0.0,0.0,0.0,0.0,0.0,0.0,0.0,0.0,0.0,0.7977915074922182,0.0,0.0,0.0,0.0,0.0,264 청포도 와인 절정,331
0.0,0.0,0.0,0.0,0.0,0.0,0.0,0.0,0.0,0.0,0.10243509991951165,0.0,0.0,0.0,0.0,0.0,0.0,0.0,0.0,0.0,0.06900330188423486,0.0,0.0,0.0,0.0,0.0,0.0,1.0,0.036209674225838234,0.0,0.0,0.0,0.0,0.0,0.0,0.0,0.0846929238700106,0.0,고도리 복숭아 와인,190
0.0,0.0,0.0,0.0,0.0,0.0,0.09241638971742779,0.0,0.0,0.0,0.30730529975853493,0.0,0.0,0.0,0.0,0.0,0.0,0.0,0.0,0.0,0.34501650942117423,0.0,0.0,0.0,0.0,0.0,0.0,1.0,0.0,0.0,0.0,0.0,0.07372901086965505,0.0,0.0,0.0,0.0,0.0,고도리 자두 와인,294
0.14598162834171982,0.0,0.0,0.0,0.0,0.0,0.0,0.0,0.0,0.0,0.18438317985512093,0.0,0.0,0.0,0.0,0.0,0.0,0.08856569191064007,0.0,0.0,0.041401981130540895,0.0,0.0,0.0,0.0,0.0,0.0,0.9999999999999999,0.08690321814201177,0.06651318451099333,0.0,0.0,0.0,0.0,0.0,0.0,0.0,0.0,고도리 체리 와인,293
0.18810759505440305,0.0,0.0,0.0,0.0,0.0,0.14290202139131172,0.0,0.0,0.0,0.4751813899464226,0.15664660390897972,0.0,0.0,0.0,0.0,0.2619186933307059,0.0,0.0,0.28790559842344865,0.5334936450169803,0.0,1.0,0.0,0.0,0.0,0.0,0.0,0.0,0.1714138322732635,0.0,0.8553815797976446,0.1140060190694598,0.0,0.0,0.0,0.2619186933307059,0.18017294738110448,고도리 화이트 청수 와인,196
0.040550452317144395,0.0,0.0,0.0,0.0,0.0,0.0,0.0,0.0,0.0,0.2390152331455271,0.0,0.0,0.1047925816543573,0.0,0.0,0.0,0.0,0.0,0.0,0.09200440251231311,0.0,0.0,0.0,0.0,0.0,0.0,1.0,0.0,0.07390353834554815,0.0,0.0,0.04915267391310336,0.0,0.1653503517703895,0.0,0.0,0.0,금이산 복숭아 와인,352
0.11853374165000813,0.0,0.0,0.0,0.0,0.0,0.18009598474705707,0.0,0.0,0.0,0.09980994847923984,0.0,0.0,0.0,0.0,0.0,0.0,0.0,1.0,0.0,0.1344698450311376,0.0,0.0,0.0,0.0,0.0,0.0,0.0,0.0,0.0,0.0,0.26950421423065385,0.28735809432930043,0.0,0.966677053326124,0.0,0.0,0.0,댄싱파파,219
0.037461055279070704,0.0,0.0,0.0,0.0,0.0,0.0,0.0,0.0,0.1435235773374195,0.12617457089718878,0.0,0.5731424749960197,0.0,0.0,0.0,0.0,1.0,0.0,0.0,0.08499490909437887,0.0,0.0,0.0,0.0,0.0,0.1043206218935058,0.0,0.0,0.0,0.0,0.0,0.04540790371885471,0.11005639314947209,0.0,0.0,0.0,0.0,세인트하우스 딸기 와인 (드라이),118
0.1762978779704263,0.0,0.0,0.0,0.0,0.0,0.0,0.0,0.0,0.3377227621434363,0.2968991254689943,0.587248246992685,0.0,0.9111962366395041,0.0,0.0,0.0,0.8556662216853004,0.0,0.0,1.0,0.0,0.0,0.0,0.0,0.0,0.49094997808712304,0.0,0.0,0.0,0.33281645333928045,0.0,0.21369705175369266,0.517943459541864,0.0,0.0,0.0,0.0,세인트하우스 모과 와인,121
0.04862579240002287,0.0,0.0,0.0,0.0,0.0,0.0,0.0,0.0,0.0,0.12283433645093648,0.0,0.1239932457729521,0.0,0.0,0.0,0.0,0.23600651657509428,0.10255685791054993,0.0,0.0,0.0,0.0,0.0,0.0,0.0,0.0,0.0,0.0,0.0,0.0,0.0,0.0,1.0,0.0,0.0,0.0,0.0,세인트하우스 아로니아 와인,123
0.36495407085429954,0.0,0.0,0.0,0.0,0.0,0.18483277943485554,0.0,0.0,0.23303985709361166,0.40974039967804654,0.0,0.3102046435974396,0.0,0.0,0.0,0.0,0.2952189730354669,0.2565753752012452,0.0,0.6900330188423484,0.22965434201810725,0.0,0.0,1.0,0.0,0.0,0.0,0.14483869690335294,0.0,0.0,0.0,0.1474580217393101,0.0,0.0,0.0,0.0,0.0,세인트하우스 오미자 와인,122
0.08174652968273083,0.0,0.2623285250419173,0.0,0.0,0.0,0.0,0.0,0.0,0.0,0.4818359533487837,0.0,0.0,0.0,0.0,0.0,0.0,0.0,0.8620597028407947,0.0,0.18547365543774427,0.0,0.0,0.0,0.0,0.0,0.0,0.0,0.0,0.0,0.0,0.18586297826721543,0.198175866725131,0.0,1.0,0.0,0.0,0.0,스윗마마,220
0.09809583561927698,0.0,0.0,0.0,0.0,0.0,0.0,0.0,0.0,0.37583205131564973,0.2478013474365173,0.0,0.0,0.0,0.0,0.0,0.0,0.0,0.0,0.0,0.22256838652529312,0.0,0.0,0.0,0.0,0.0,0.0,0.0,0.23358675741551943,0.0,0.0,0.0,0.0,0.0,1.0,0.0,0.0,0.0,시나브로 에뚜왈 화이트 스파클링,309
0.0,0.0,0.0,0.0,0.0,0.0,0.4009495404615592,0.0,0.0,0.0,0.14813860891068367,0.0,0.0,0.45464378760698915,0.0,0.0,0.0,0.0,0.0,0.0,0.19958106468205686,0.0,0.0,0.0,0.0,0.0,0.0,0.241028399163769,0.1047307177547445,0.0,0.0,1.0,0.42649885108418595,0.0,0.0,0.0,0.2449607983306513,0.0,고도리 화이트 와인 (스위트),193
0.11853374165000814,0.0,0.0,0.0,0.0,0.0,0.36019196949411414,0.0,0.0,0.0,0.2994298454377195,0.19741795191978387,0.0,0.0,0.36284050958438163,0.0,0.0,0.0,1.0,0.0,0.5378793801245504,0.0,0.0,0.0,0.0,0.0,0.0,0.0,0.0,0.0,0.0,0.0,0.28735809432930043,0.0,0.7250077899945929,0.0,0.0,0.0,헤베,277
0.0,0.0,0.0,0.0,0.0,0.0,0.0,0.0,0.0,0.0,0.3097516842956466,0.0,0.0,0.0,0.0,0.0,0.0,0.0,0.0,0.0,0.0,0.0,0.0,0.0,0.0,0.0,0.0,0.0,0.14599172338469962,0.0,0.0,0.5575889348016463,0.0,0.0,1.0,0.0,0.0,0.0,애피소드 상그리아,110
0.0,0.0,0.0,0.0,0.0,0.0,0.0,0.0,0.0,0.0,0.0,0.0,0.0,0.0,0.0,0.0,0.0,0.0,1.0,0.0,0.0,0.0,0.0,0.0,0.0,0.0,0.0,0.0,0.0,0.0,0.0,0.0,0.0,0.0,0.4833385266630619,0.0,0.0,0.0,애피소드 애플,112
0.0,0.0,0.0,0.0,0.0,0.0,0.09241638971742779,0.0,0.0,0.0,0.10243509991951165,0.0,0.0,0.0,0.0,0.0,0.0,0.14760948651773348,0.0,0.0,0.34501650942117423,0.0,0.0,0.0,1.0,0.0,0.0,0.0,0.07241934845167648,0.0,0.0,0.0,0.1474580217393101,0.0,0.24802552765558436,0.0,0.3387716954800424,0.0,오미로제 결,97
0.7299081417085991,0.0,0.0,0.0,0.0,0.0,0.0,0.0,0.0,0.0,0.3073052997585349,0.0,0.9306139307923187,0.0,0.0,0.0,0.0,0.0,0.0,0.0,0.828039622610818,0.0,0.0,0.0,1.0,0.0,0.0,0.0,0.43451609071005876,0.6651318451099333,0.0,0.0,0.0,0.0,0.0,0.0,0.0,0.0,오미로제 프리미어,100
0.16349305936546168,0.0,0.0,0.0,0.0,0.0,0.2484055857501893,0.0,0.0,0.0,0.13766741524250964,0.0,0.0,0.21125362103830586,0.0,0.0,0.0,0.7935177098528796,0.17241194056815895,0.0,0.3709473108754886,0.0,0.0,0.0,0.0,0.0,0.0,0.0,0.0,0.0,0.0,0.0,0.29726380008769654,0.0,1.0,0.0,0.0,0.0,와쥬블루,308
0.0,0.0,0.0,0.0,0.0,0.0,0.0,0.0,0.0,0.0,0.4130022457275288,0.20422327316088856,0.0,0.0,0.0,0.0,0.0,0.8927074235844894,0.7758537325567151,0.0,0.695526207891541,0.2314825657149817,0.3259299404913264,0.0,0.3359869208666799,0.0,0.0,0.0,0.14599172338469962,0.22347560060885996,0.2314825657149817,0.0,0.0,0.0,1.0,0.0,0.0,0.0,요새로제,222
0.0,0.0,0.0,0.0,0.0,0.0,0.0,0.0,0.0,0.0,0.2623950544846616,0.5190013123893812,0.0,0.0,0.0,0.0,0.0,0.0,0.0,0.0,0.3535140820238813,0.0,0.0,1.0,0.0,0.0,0.0,0.0,0.0,0.0,0.0,0.47234151207286496,0.1259081951365275,0.0,0.0,0.0,0.0,0.0,부안 참뽕 와인,131
0.0,0.0,0.0,0.0,0.0,0.0,0.0,0.0,0.0,0.0,0.4626400932896921,0.22876842710780937,0.0,0.0,0.0,0.0,0.0,1.0,0.0,0.0,0.31164800001272247,0.0,0.0,0.0,0.0,0.0,0.0,0.0,0.1635381531818105,0.25033465019427986,0.0,0.0,0.0,0.0,0.28004695983839206,0.0,0.0,0.0,[추사 블루 스위트,80
0.0,0.0,0.0,0.0,0.0,0.0,0.0,0.0,0.0,0.0,0.2851712813692567,0.0,0.0,0.0,0.0,0.0,0.0,0.0,1.0,0.0,0.15367982289272866,0.0,0.0,0.0,0.0,0.0,0.0,0.0,0.0,0.12344499147820485,0.0,0.0,0.0,0.0,0.0,0.0,0.0,0.0,추사 애플 와인,82
0.2199107386657814,0.0,0.0,0.0,0.0,0.0,0.16706230852564966,0.0,0.0,0.2106345888623502,0.0,0.18313067244917433,0.8411414474189066,0.0,0.0,0.0,0.0,0.0,0.0,0.0,0.37421449627885667,0.0,0.0,0.0,0.0,0.0,0.0,0.0,0.13091339719343065,0.0,0.0,1.0,0.1332808909638081,0.0,0.0,0.2803804824729689,0.0,0.0,크라테 산머루 드라이,298
0.19608242407438498,0.0,0.0,0.0,0.0,0.0,0.0,0.0,0.0,0.0,0.08255445399815182,0.163287642950352,1.0,0.0,0.0,0.0,0.0,0.0,0.4135582437221822,0.0,0.5561111294467126,0.0,0.0,0.0,0.0,0.0,0.0,0.0,0.11672834360541826,0.0,0.0,0.22291137902591188,0.0,0.0,0.0,0.0,0.0,0.0,크라테 로제 미디엄 드라이,295
0.25081012673920405,0.0,0.0,0.0,0.0,0.0,0.0,0.34361875475467,0.0,0.7206917895244179,0.5279793221626918,0.41772427709061255,0.0,0.0,0.3838741312312649,0.6766662347571405,0.0,0.0,0.0,0.0,0.2845299440090562,0.0,1.0,0.0,0.0,0.0,0.0,0.0,0.0,0.22855177636435134,0.0,0.28512719326588154,0.0,0.0,0.0,0.0,0.0,0.0,크라테 화이트 스위트,296
0.0,0.0,0.0,0.0,0.0,0.0,0.0,0.0,0.0,0.0,0.37034652227670917,0.0,0.0,0.0,0.0,0.0,0.0,0.0,0.9276292792439926,0.0,0.19958106468205686,0.0,0.0,0.0,0.0,0.0,0.0,0.0,0.1047307177547445,0.16031566385969118,0.16605965525289923,1.0,0.10662471277104646,0.0,0.0,0.0,0.0,0.0,한스오차드 애플,113
0.12898639603737733,0.0,0.0,0.09389522438352767,0.0,0.0,0.09798868950714411,0.0,0.11149225177345053,0.0,0.1629172254727256,0.21482684826064805,0.0,1.0,0.0,0.0,0.0,0.0,0.0,0.0,0.36581947985504004,0.12175074184777475,0.0,0.0,0.0,0.0,0.0,0.0,0.07678591504643895,0.0,0.0,0.0,0.0781745443190914,0.0,0.0,0.0,0.0,0.0,혼디주,224
0.0,0.0,0.0,0.0,0.0,0.0,0.36966555886971114,1.0,0.21030409616035456,0.0,0.7170456994365815,0.0,0.0,0.0,0.0,0.0,0.0,0.0,0.0,0.0,0.13800660376846968,0.0,0.0,0.0,0.0,0.0,0.0,0.0,0.5793547876134119,0.0,0.22965434201810725,0.276592579538187,0.1474580217393101,0.0,0.0,0.0,0.0,0.0,허니문 와인,96
0.0,0.0,0.0,0.0,0.0,0.0,0.5544983383045667,1.0,0.0,0.0,0.7682632493963374,0.0,0.0,0.0,0.0,0.0,0.0,0.0,0.0,0.0,0.20700990565270455,0.0,0.0,0.0,0.0,0.0,0.0,0.0,0.0,0.33256592255496675,0.0,0.41488886930728064,0.4423740652179303,0.0,0.0,0.0,0.0,0.0,허니비 와인,98
0.0,0.0,0.0,0.0,0.0,0.0,0.6591625513106599,0.0,1.0,0.0,0.2435404297627327,0.0,0.7375145069949374,0.0,0.0,0.0,0.0,0.0,0.0,0.0,0.0,0.5460053945953538,0.0,0.0,0.0,0.0,0.0,0.0,0.0,0.0,0.0,0.0,0.525874285492548,0.0,0.0,0.0,0.0,0.2770272445334604,이상헌 탁주 14%,1230
0.0,0.0,0.0,0.0,0.0,0.0,0.4802559593254854,0.0,0.0,0.0,0.39923979391695935,0.0,0.0,0.0,0.0,0.0,0.0,0.0,1.0,0.0,0.0,0.0,0.0,0.0,0.0,0.0,0.0,0.0,0.37633826392406405,0.14401915672457233,0.0,0.0,0.09578603144310013,0.0,0.0,0.0,0.0,0.0,분홍탁주 6% 3병/6병,1221
0.23706748330001629,0.0,0.0,0.0,0.0,0.0,0.18009598474705704,0.0,0.0,0.0,0.19961989695847965,0.0,0.0,0.0,0.0,0.0,0.0,0.5753065211420069,1.0,0.0,0.2689396900622752,0.22376888452172938,0.0,0.0,0.0,0.0,0.0,0.0,0.0,0.0,0.44753776904345877,0.0,0.14367904716465021,0.0,0.24166926333153096,0.0,0.0,0.0,3+1 마실꾸지 3병/6병/12병,1220
0.1649979506255681,0.0,0.0,0.240219435115011,0.0,0.0,0.7520761932977238,0.0,0.0,0.0,0.0,0.0,0.0,0.0,0.0,0.0,0.0,0.0,0.0,0.0,0.9359043485097777,0.0,0.0,0.0,0.0,0.0,0.0,0.0,0.0,0.0,0.31148436593583406,0.0,1.0,0.0,0.0,0.0,0.0,0.0,희양산막걸리 9% X 3병,1207
0.06232378249347349,0.0,0.0,0.09073678653614167,0.0,0.0,0.0,0.0,0.0,0.0,0.20991604358772933,0.0,0.0,0.0,0.0,0.0,0.0,0.0,0.0,0.0,0.0,0.11765530298467965,0.0,1.0,0.0,0.0,0.0,0.0,0.07420299837712871,0.0,0.0,0.0,0.0,0.0,0.12706713205514736,0.0,0.0,0.0,자연담은 복분자 막걸리 4병 세트,1201
0.22037234746303283,0.0,0.0,0.0,0.0,0.0,0.0,0.0,0.0,0.0,0.3711239068362428,0.0,0.0,0.0,0.0,0.0,0.0,0.0,0.4647882206269191,0.0,1.0,0.0,0.0,0.0,0.0,0.6900640923749539,0.0,0.0,0.0,0.4016304455412201,0.0,0.0,0.2671213146921158,0.0,0.0,0.0,0.0,0.0,표문 막걸리 X 4병,1199
0.0,0.0,0.0,0.1604193283062979,0.1967854169571528,0.0,0.16741298458527484,0.0,0.3809674508641207,0.0,0.18556195341812143,0.0,0.0,0.0,0.0,0.2972737355965262,0.0,0.0,0.0,0.0,1.0,0.0,0.0,0.0,0.0,0.0,0.0,0.0,0.0,0.0,0.0,0.0,0.1335606573460579,0.0,0.0,0.0,0.0,0.0,배금도가 수제 막걸리,1198
0.0,0.0,0.0,0.20402440610630862,0.37541325209023335,0.0,0.10645953675008112,0.0,0.0,0.0,0.11800064163643682,0.0,0.0,0.0,0.0,0.0,0.0,0.0,0.0,0.0,0.4769322568399139,0.0,0.0,0.0,0.0,0.0,0.0,0.0,0.0,0.12770034320506285,0.0,0.1593111242290418,0.16986502862154085,0.0,1.0,0.0,0.0,0.0,4+1 얼떨결에 퍼플 X 3병,1189
0.17657167707261187,0.0,0.0,0.0,0.0,0.0,0.268276776031639,0.0,0.0,0.0,0.2973602241216209,0.0,0.0,0.0,0.0,0.0,0.0,0.0,0.0,0.0,0.0,0.0,0.0,0.0,0.0,0.0,0.0,0.0,0.21022709699363898,0.0,0.9999999999999999,0.0,0.428057867150867,0.0,0.0,0.0,0.0,0.0,하얀 까마귀 X 3병,1164
0.8399092200657392,0.0,0.0,0.8152122198169744,0.0,0.0,0.0,0.0,0.0,0.0,0.47149047922307613,0.0,0.0,0.0,0.0,0.0,0.0,0.0,0.0,0.0,0.31760988078243074,0.0,0.0,0.0,0.0,0.0,0.0,0.0,1.0,0.510247191707766,0.0,0.0,0.0,0.0,0.0,0.0,0.0,0.0,양지백주,1158
0.0,0.0,0.0,0.0,0.0,0.0,0.9999999999999999,0.0,0.0,0.0,0.5542041851706013,0.0,0.0,0.0,0.0,0.0,0.0,0.0,0.0,0.0,0.0,0.0,0.0,0.0,0.0,0.0,0.0,0.0,0.0,0.0,0.41416596976701137,0.0,0.265930502497406,0.0,0.0,0.0,0.0,0.0,보일러 틀어놨어 X 2병,1147
0.0,0.0,0.0,0.3458021978133193,0.0,0.0,0.0,0.0,0.41060944212599193,0.0,1.0,0.0,0.0,0.0,0.0,0.0,0.0,0.0,0.0,0.0,0.26945178728171953,0.0,0.0,0.0,0.0,0.0,0.0,0.0,0.28279114681815104,0.0,0.0,0.0,0.0,0.0,0.0,0.0,0.0,0.0,동래아들 6병/12병,1142
0.0,0.0,0.0,0.0,0.0,0.0,0.1913291252403141,0.0,0.217695686208069,0.0,0.10603540195321225,0.20973151678310173,0.3211074533773371,0.0,0.0,0.0,0.0,0.0,0.0,0.0,1.0,0.0,0.0,0.0,0.0,0.0,0.0,0.0,0.0,0.0,0.0,0.0,0.0,0.0,0.0,0.3211074533773371,0.0,0.0,홍천강 탁주 X 2병,1126
0.12592705569316162,0.3943223384999736,0.0,0.1833363752071976,0.2248976193796032,0.0,0.0,0.0,0.21769568620806898,0.0,0.31810620585963667,0.0,0.0,0.0,0.0,0.0,0.0,0.0,0.0,0.0,1.0,0.0,0.0,0.0,0.0,0.0,0.0,0.0,0.299858729216725,0.0,0.0,0.0,0.0,0.0,0.0,0.0,0.0,0.0,만강에 비친 달 X 2병,1118
0.0,0.0,0.0,0.0,0.0,0.0,0.0,0.0,0.3809674508641207,0.42215345267929527,0.9278097670906071,0.734060308740856,0.0,0.0,0.0,0.0,0.0,0.5347913885533127,0.0,0.0,1.0,0.0,0.0,0.0,0.0,0.0,0.0,0.0,0.0,0.0,0.0,0.0,0.0,0.0,0.4493001075363225,0.0,0.0,0.0,지란지교 무화과 탁주,1102
0.4407446949260657,0.6900640923749539,0.0,0.0,0.0,0.0,0.0,0.0,0.38096745086412076,0.0,0.0,0.0,0.0,0.0,0.0,0.0,0.0,0.0,0.0,0.0,1.0,0.8320411333482011,0.0,0.0,0.0,0.0,0.0,0.0,0.0,0.0,0.8320411333482011,0.0,0.0,0.0,0.44930010753632255,0.0,0.0,0.0,지란지교 탁주,1101
0.26485751560891785,0.8293629542064586,0.0,0.0,0.47301848206776104,0.0,0.0,0.0,0.0,0.0,0.669060504273647,0.0,0.0,0.0,0.0,0.0,0.0,0.0,0.0,0.0,0.901397743380714,0.0,0.0,0.0,0.0,0.0,0.0,0.0,0.6306812909809171,0.48270503637846207,1.0,0.0,0.3210434003631503,0.0,0.0,0.0,0.0,0.0,삼양춘 탁주 라이트 X 3병,1099
0.22037234746303289,0.0,0.0,0.32083865661259586,0.7871416678286113,0.0,0.0,0.6038358387047887,0.0,0.4221534526792953,0.37112390683624286,0.0,0.0,0.0,0.0,0.0,0.0,0.0,0.0,0.0,1.0,0.0,0.0,0.0,0.6038358387047887,0.0,0.0,0.0,0.2623763880646344,0.0,0.0,0.0,0.2671213146921158,0.0,0.4493001075363226,0.0,0.0,0.0,3+1 냥이탁주 9% X 2병,1096
0.0,0.0,0.0,0.23247018657961452,0.5703395355057173,0.0,0.0,0.43752156167596085,0.0,0.30587988662501914,0.40335808398496037,0.2659391775532338,0.0,0.0,0.0,0.0,0.0,0.0,0.0,0.0,0.7245703776285167,0.0,0.0,0.0,0.0,1.0,0.0,0.0,0.0,0.2910095235929113,0.0,0.0,0.1935481918590922,0.0,0.32554954858612634,0.0,0.0,0.0,3+1 냥이탁주 5% fresh X 2병,1095
0.17954769919466296,0.0,0.0,0.34853642495329507,0.10688687958198008,0.0,0.0,0.0,0.0,0.0,0.10079069108214628,0.0,0.0,0.0,0.0,0.16146858070539724,1.0,0.0,0.0,0.0,0.13579115926721994,0.0,0.0,0.0,0.0,0.0,0.0,0.0,0.2850271511971414,0.0,0.0,0.0,0.0,0.0,0.0,0.0,0.0,0.0,백련 미스티 살균 막걸리,1093
0.12355186543294927,0.0,0.0,0.0,0.0,0.0,0.0,0.0,0.0,0.0,0.5201770041052186,0.0,0.0,0.0,0.0,1.0,0.0,0.0,0.0,0.0,0.0,0.0,0.3284074345781108,0.0,0.0,0.0,0.0,0.33854086116571863,0.0,0.0,0.2332421361517695,0.0,0.0,0.0,0.0,0.0,0.0,0.0,3+1 벗이랑 홍국,1072
0.5882472722231548,0.0,0.0,0.0,0.3501905935445905,0.0,0.2979207166136393,0.0,0.0,0.0,0.4953267239889109,0.326575285900704,1.0,0.0,0.0,0.0,0.0,0.0,0.0,0.0,0.22244445177868505,0.0,0.0,0.0,0.0,0.0,0.0,0.0,0.0,0.0,0.7403317350598255,0.0,0.47535723524071444,0.0,0.0,0.5,0.0,0.0,3+1 벗이랑 조릿대,1071
0.0,0.1874092061445539,0.0,0.0,0.0,0.0,0.0,0.0,0.0,0.0,0.2519767277053657,0.0,0.0,0.0,0.0,0.0,0.0,0.0,0.0,0.0,0.0,0.0,0.0,0.0,0.0,0.0,1.0,0.0,0.07125678779928535,0.0,0.11298383005536375,0.0,0.0,0.0,0.0,0.0,0.0,0.0,3+1 벗이랑 강황,1070
0.0,0.0,0.0,0.19031674421226313,0.0,0.0,0.0,0.0,0.22598425534131325,0.0,0.44029042132347646,0.0,1.0,0.0,0.0,0.35267676342917886,0.0,0.0,0.0,0.0,0.14829630118579004,0.24677724501994186,0.0,0.0,0.0,0.0,0.0,0.0,0.311275582947782,0.0,0.0,0.0,0.0,0.0,0.0,0.0,0.0,0.0,용봉백주 오향주 X 2병,1058
0.09794326553912572,0.0,0.0,0.14259495849448703,0.0,0.0,0.0,0.0,0.0,0.3752475134927069,0.3298879171877714,0.0,0.0,0.0,0.0,0.26424332053024546,0.0,0.0,0.0,0.0,0.9999999999999999,0.18489802963293353,0.0,0.0,0.0,0.0,0.0,0.0,0.1166117280287264,0.0,0.0,0.0,0.11872058430760703,0.0,0.19968893668281001,0.0,0.0,0.0,별산 막걸리 3병/5병,362
0.27799169722413586,0.0,0.0,0.0,0.0,0.0,0.0,0.0,0.0,0.0,0.15605310123156554,0.0,0.0,0.0,0.0,1.0,0.0,0.0,0.0,0.0,0.0,0.0,0.0,0.0,0.0,0.0,0.0,0.0,0.0,0.0,0.34986320422765427,0.0,0.0,0.0,0.18892524537810737,0.0,0.0,0.0,나루 생 막걸리 11.5% 3병/8병,320
0.0,0.0,0.0,1.0,0.0,0.0,0.0,0.0,0.0,0.0,0.8675479852269604,0.0,0.0,0.0,0.0,0.0,0.0,0.0,0.0,0.0,0.0,0.0,0.0,0.0,0.0,0.0,0.0,0.0,0.8177829655403618,0.0,0.0,0.0,0.0,0.0,0.7001963421116684,0.0,0.0,0.0,가덕 순쌀 생 막걸리 X 6병,315
0.20624743828196015,0.0,0.0,0.0,0.0,0.0,0.0,0.0,0.0,0.0,0.5210047173659659,0.34350511750949864,0.0,0.0,0.0,0.0,0.0,0.0,0.0,0.0,0.0,0.0,0.0,0.0,0.0,0.0,0.0,0.0,0.0,0.0,0.0,0.0,1.0,0.0,0.0,0.0,0.0,0.0,구름을 벗삼아 10병/12병,141
0.18532779814942388,0.0,0.0,0.0,0.0,0.0,0.0,0.0,0.0,0.0,0.2340796518473483,0.0,0.0,0.0,0.0,0.9999999999999999,0.0,0.0,0.0,0.0,0.0,0.0,0.24630557593358307,0.0,0.0,0.0,0.0,0.0,0.2206521773090172,0.16888073072419513,0.17493160211382713,0.0,0.0,0.0,0.0,0.0,0.0,0.0,나루 생 막걸리 6% 3병/6병,279
0.0,0.0,0.0,0.0,0.0,0.0,0.0,0.0,0.41060944212599193,0.0,1.0,0.0,0.0,0.0,0.0,0.0,0.0,0.0,0.0,0.0,0.0,0.0,0.0,0.0,0.0,0.0,0.0,0.0,0.0,0.0,0.0,0.0,0.0,0.0,0.4842588680061235,0.0,0.0,0.0,담은 3병/6병/10병,133
0.0,0.0,0.0,0.0,0.0,0.0,0.0,0.0,0.0,0.0,0.1343875881095284,0.06645260019731615,0.0,0.0,0.0,0.0,0.0,0.0,0.0,0.0,0.04526371975573998,0.0,0.0,0.0,0.0,0.0,0.9999999999999999,0.0,0.04750452519952356,0.0,0.0,0.0,0.048363617316035036,0.0,0.08134797661499175,0.0,0.0,0.0,대왕 산삼 생 막걸리 X 6병,306
0.5193648541122792,0.0,1.0,0.45368393268070834,0.0,0.0,0.0,0.0,0.0,0.0,0.3498600726462155,0.0,0.0,0.0,0.0,0.0,0.0,0.0,0.0,0.0,0.11783802734129377,0.0,0.0,0.0,0.0,0.0,0.0,0.0,0.24734332792376232,0.0,0.0,0.0,0.1259081951365275,0.0,0.0,0.0,0.0,0.19898292039617743,문삼이공 잣,275
0.0,0.0,0.0,0.2138924377417305,0.26238055594287035,0.0,0.2232173127803664,0.0,0.25397830057608045,0.0,0.494831875781657,0.24468676958028532,0.0,0.0,0.0,0.0,0.0,0.0,0.0,0.0,1.0,0.2773470444494003,0.0,0.0,0.0,0.0,0.0,0.0,0.3498351840861792,0.26775363036081345,0.2773470444494003,0.0,0.17808087646141052,0.0,0.0,0.0,0.0,0.0,문삼이공 탁주,282
0.1765716770726119,0.0,0.0,0.0,0.0,0.0,0.0,0.0,0.30524728934259676,0.0,0.7434005603040523,0.2940801359130479,0.0,0.0,0.0,0.0,0.0,0.42849755628568403,0.0,0.0,0.20031060964015862,0.0,0.0,0.0,0.48381889989413085,0.0,0.0,0.0,0.0,0.0,1.0,0.0,0.21402893357543354,0.0,0.0,0.0,0.0,0.0,문희 오미자 가향주,142
0.3531433541452238,0.0,0.0,0.0,0.0,0.0,0.0,0.0,0.30524728934259676,0.0,0.5947204482432419,0.5881602718260958,0.0,0.0,0.0,0.0,0.0,0.0,0.0,0.0,0.0,0.0,0.0,0.0,0.0,0.0,0.0,0.0,0.0,0.0,1.0,0.0,0.21402893357543354,0.0,0.0,0.0,0.0,0.0,문희,140
0.0,0.0,0.3146189403618412,0.14273755815919734,0.0,0.0,0.0,0.0,0.33897638301196986,0.0,0.33021781599260736,0.0,0.0,0.0,0.0,0.0,0.0,0.0,0.2067791218610911,0.0,0.22244445177868508,0.0,0.0,0.0,0.0,0.0,0.0,0.0,0.0,0.0,0.0,0.0,0.0,0.0,0.0,1.0,0.0,0.0,배꽃 필 무렵 잣잎 X 3병,318
0.08174652968273084,0.0,0.0,0.0,0.0,0.0,0.0,0.0,0.1413188514291354,0.0,0.06883370762125482,0.0,0.0,0.0,0.0,0.0,0.0,0.0,0.0,0.0,0.2782104831566165,0.0,0.0,0.0,0.0,0.0,0.0,0.0,0.0,0.14898373373924,0.0,0.0,0.0,0.0,1.0,0.0,0.0,0.0,복순도가 손 막걸리 X 3병,135
0.13735720268992588,0.0,0.0,0.0,0.0,0.0,0.20869568728864654,0.0,0.23745548826349663,0.0,0.34698006996726904,0.22876842710780934,0.0,0.0,0.0,0.0,0.0,1.0,0.0,0.0,0.4674720000190837,0.0,0.0,0.0,0.0,0.0,0.0,0.0,0.0,0.0,0.0,0.0,0.1664956469691339,0.0,0.8401408795151762,0.0,0.0,0.0,청남대 블루베리 생 막걸리 X 6병,307
0.36579621873713347,0.0,0.0,0.0,0.0,0.0,0.0,0.0,0.0,0.0,0.4620216307756897,0.3046168091795877,0.0,0.0,0.0,0.0,0.0,0.0,0.0,0.0,0.6224627708766216,0.0,0.0,0.0,0.0,0.0,0.0,0.0,0.0,0.9999999999999999,0.0,0.0,0.0,0.0,0.0,0.0,0.0,0.0,3병 이상 구매 시 탁주 라이트 증정 삼양춘 탁주,72
0.0,0.0,0.0,0.0,0.0,0.0,0.9936223430007569,0.0,0.0,0.0,0.13766741524250964,0.0,0.0,0.0,0.0,0.0,0.0,0.0,0.0,0.0,0.5564209663132329,0.0,0.0,0.0,0.0,0.0,0.0,0.0,0.0,0.29796746747847996,0.0,0.7434519130688617,0.594527600175393,0.0,1.0,0.0,0.0,0.0,선호 생 막걸리 X 20병,284
0.0,1.0,0.0,0.0,0.0,0.0,0.2426049789217393,0.0,0.0,0.0,0.26890538932330693,0.2659391775532338,0.0,0.0,0.0,0.8615829714408593,0.0,0.0,0.0,0.0,0.1811425944071292,0.30143617909628256,0.0,0.0,0.0,0.0,0.0,0.0,0.7604406343231936,0.2910095235929114,0.0,0.0,0.38709638371818444,0.0,0.0,0.0,0.0,0.0,설하담 X 2병,346
0.0,0.0,0.0,0.17852135534302005,0.0,0.0,0.0,0.0,0.6359348314311092,0.0,0.20650112286376443,0.0,0.0,0.0,0.0,0.0,0.0,0.0,0.0,0.0,0.0,0.23148256571498171,0.0,0.0,0.0,0.0,0.0,0.0,0.4379751701540989,0.22347560060885996,0.0,0.0,0.0,0.0,0.9999999999999999,0.0,0.0,0.0,세종대왕어주 탁주,207
0.0,0.0,0.0,0.0,0.0,0.0,0.0,0.0,0.38096745086412076,0.0,0.7422478136724857,0.0,0.0,0.0,0.0,0.0,0.0,0.0,0.0,0.0,1.0,0.0,0.0,0.0,0.0,0.0,0.0,0.0,0.2623763880646344,0.8032608910824404,0.0,0.0,0.0,0.0,0.0,0.0,0.0,0.0,수제 탁주 바랑,189
0.16349305936546166,0.5119548387964478,0.0,0.0,0.5839761699181408,0.0,0.24840558575018926,0.0,0.0,0.0,0.13766741524250964,0.0,0.0,0.0,0.0,0.0,0.0,0.0,0.34482388113631784,0.0,0.1854736554377443,0.0,0.0,0.0,0.0,0.0,0.0,0.0,0.19465563117959953,0.0,0.9259302628599269,0.0,0.198175866725131,0.0,0.9999999999999999,0.0,0.0,0.0,술공방 9.0 X 3병,198
0.1762978779704263,0.0,0.0,0.0,0.3148566671314445,0.0,0.5357215506728794,0.0,0.0,0.3377227621434363,0.2968991254689942,0.0,0.0,0.0,0.0,0.0,0.0,0.0,0.0,0.0,1.0,0.3328164533392804,0.0,0.0,0.0,0.0,0.0,0.0,0.2099011104517075,0.0,0.3328164533392804,0.0,0.42739410350738527,0.0,0.0,0.0,0.0,0.0,술취한 원숭이 X 4병,75
0.0,0.0,0.15756733402677672,0.0,0.0,1.0,0.0,0.0,0.08488300943962136,0.0,0.08268977839391793,0.0,0.0,0.0,0.0,0.1324705785103486,0.0,0.0,0.0,0.0,0.05570227144542625,0.0,0.13051296853698538,0.0,0.0,0.0,0.0,0.0,0.23383937262154822,0.08948691239313813,0.0,0.0,0.0,0.0,0.0,0.0,0.0,0.0,시향가 X 3병,278
0.0,0.0,0.0,0.0,0.0,0.0,0.0,0.0,0.0,0.0,0.5575504202280392,0.0,0.0,0.0,0.0,0.0,0.0,0.0,0.0,0.0,0.15023295723011898,0.0,0.0,0.0,0.0,0.0,0.0,0.0,0.31534064549045854,0.24135251818923104,1.0,0.0,0.16052170018157516,0.0,0.0,0.0,0.0,0.0,오매백주 3병/12병,241
0.0,0.0,0.0,0.0,0.3153456547118407,0.0,0.0,0.0,0.0,0.0,0.44604033618243133,0.0,0.0,0.0,0.0,0.0,0.0,0.0,0.0,0.0,0.0,0.0,0.0,0.0,0.0,0.0,0.0,0.0,0.0,0.3218033575856413,0.9999999999999999,0.0,0.0,0.0,0.0,0.0,0.0,0.0,5+1 오산 막걸리 3병/12병,240
0.0,0.0,0.0,0.0,0.0,0.0,0.22179933532182666,0.0,0.0,0.0,0.0,0.1215662042046718,0.0,0.0,0.0,0.0,0.0,0.0,0.0,0.0,0.24841188678324544,0.0,0.0,0.0,1.0,0.0,0.0,0.0,0.0,0.0,0.0,0.0,0.1769496260871721,0.0,0.7440765829667529,0.0,0.0,0.0,오희,138
0.17657167707261193,0.0,0.0,0.0,0.0,0.0,0.0,0.0,0.30524728934259676,0.0,0.7434005603040523,0.0,0.0,0.0,0.0,0.0,0.0,0.0,0.0,0.0,0.0,0.0,0.0,0.0,0.0,0.0,0.0,0.0,0.420454193987278,0.0,1.0,0.0,0.0,0.0,0.0,0.0,0.0,0.0,천비향 탁주,86
0.1679818440131479,0.0,0.0,0.0,0.0,0.0,0.0,0.0,0.29039766396225586,0.0,0.4243414313007685,0.0,0.0,0.0,0.0,0.0,0.0,0.0,0.0,0.0,0.5716977854083756,0.0,0.0,0.0,0.0,0.0,0.0,0.0,0.9999999999999999,0.0,0.0,0.0,0.20361688539314182,0.0,0.0,0.0,0.0,0.0,택이 X 2병,88
0.0,0.0,0.0,0.0,0.0,0.0,0.23478264819972736,0.0,0.0,0.0,0.08674501749181726,0.171576320330857,0.0,0.0,0.0,0.0,0.0,1.0,0.0,0.0,0.3506040000143128,0.0,0.0,0.0,0.0,0.0,0.0,0.0,0.0,0.0,0.0,0.0,0.12487173522685042,0.0,0.9451584894545733,0.0,0.0,0.0,편백숲 산소막걸리 딸기 스파클링,292
0.0,0.0,0.0,0.0,0.0,0.0,0.0,0.0,0.0,0.4550000093263397,0.9999999999999999,0.0,0.0,0.0,0.0,0.6408075149471785,0.0,0.0,0.0,0.0,0.0,0.0,0.6313378561265317,0.0,0.0,0.0,0.0,0.0,0.28279114681815104,0.0,0.4483899409451606,0.0,0.0,0.0,0.0,0.0,0.0,0.0,담화탁주 X 2병,310
0.09123851771357488,0.0,0.0,0.0,0.0,0.0,0.13862458457614166,0.0,0.0,0.0,0.15365264987926744,0.15195775525583974,0.0,0.0,0.0,0.0,0.0,0.0,0.0,0.0,0.31051485847905674,0.0,0.0,0.0,1.0,0.0,0.0,0.0,0.1086290226775147,0.0,0.0,0.0,0.11059351630448257,0.0,0.0,0.0,0.0,0.0,오미자 생 막걸리 X 10병,139
0.0,0.0,0.0,0.5763369963555323,0.7069890974677764,0.0,0.0,0.0,0.0,0.0,1.0,0.0,0.0,0.0,0.0,0.0,0.0,0.0,0.0,0.0,0.8981726242723985,0.0,0.0,0.0,0.0,0.0,0.0,0.0,0.4713185780302518,0.0,0.7473165682419344,0.0,0.0,0.0,0.8070981133435393,0.0,0.0,0.7583333488772329,백년향,144
0.0,0.0,0.0,0.0,0.0,0.0,0.0,0.0,0.0,0.0,1.0,0.0,0.0,0.0,0.0,0.0,0.0,0.0,0.0,0.0,0.0,0.0,0.0,0.0,0.0,0.0,0.0,0.0,0.0,0.0,0.0,0.0,0.0,0.0,0.0,0.0,0.0,0.0,붉은 원숭이,153
0.09332176424732046,0.0,0.5989480131896234,0.5434661801903302,1.0,0.0,0.0,0.0,0.0,0.0,0.1571609965543711,0.0,0.0,0.0,0.0,0.0,0.0,0.0,0.0,0.0,0.0,0.0,0.0,0.0,0.0,0.0,0.0,0.0,0.0,0.1700796955009584,0.35234704981948517,0.0,0.11311869498197186,0.0,0.0,0.0,0.0,0.0,괴산 세종 찰옥수수 6병/12병/20병,124
0.0,0.0,1.0,0.45368393268070834,0.0,0.0,0.0,0.0,0.0,0.0,0.26239505448466166,0.0,0.0,0.0,0.0,0.0,0.0,0.0,0.0,0.0,0.0,0.0,0.0,0.0,0.0,0.0,0.0,0.0,0.0,0.0,0.1960921716411327,0.0,0.1259081951365275,0.0,0.0,0.0,0.0,0.0,세종 알밤주 6병/12병/20병,126
0.03462432360748527,0.0,1.0,0.05040932585341203,0.0,0.0,0.0,0.0,0.0,0.0,0.05831001210770259,0.05766681248770902,0.0,0.0,0.0,0.0,0.0,0.0,0.0,0.0,0.07855868489419583,0.0,0.0,0.0,0.0,0.0,0.0,0.0,0.0,0.0,0.0,0.0,0.041969398378842504,0.0,0.0,0.0,0.0,0.0,우도 땅콩 전통주 6병/12병/20병,117
0.0,0.0,0.0,0.0,0.0,0.0,0.0,0.0,0.0,0.0,0.1783464014075035,0.0,0.0,0.0,0.0,1.0,0.0,0.0,0.0,0.0,0.0,0.0,0.9852223037343323,0.0,0.0,0.1658077603579342,0.0,0.0,0.12608695846229556,0.0,0.0,0.0,0.06418358442696766,0.0,0.1079572830732042,0.0,0.0,0.0,조은술 세종 바나나 6병/12병/20병,119
0.0,0.0,0.0,0.0,0.0,0.0,0.0,0.0,0.0,0.0,0.04525537047108787,0.0,0.0,0.0,0.0,0.8699994446877523,0.0,0.0,0.0,0.0,0.0,0.0,1.0,0.0,0.0,0.33658953868475294,0.0,0.0,0.0,0.0,0.0,0.0,0.1302925932222398,0.0,0.0,0.0,0.0,0.0,펀치 쌀 바나나 X 6병,128
0.44534792168536735,0.0,0.0,0.21612637363332457,0.0,0.0,0.0,0.0,0.0,0.28437500582896236,1.0,0.0,0.0,0.0,0.0,0.0,0.0,0.0,0.3130950418885339,0.0,0.5052221011532242,0.0,0.0,0.0,0.0,0.0,0.0,0.0,0.3534889335226889,0.0,0.0,0.0,0.0,0.0,0.0,0.0,0.0,0.0,나주 배 약주,1227
0.04902060601859625,0.0,0.0,0.0,0.0,0.0,0.0,0.0,0.0,0.0,0.0,0.0,0.0,0.0,0.0,0.0,0.0,0.0,0.0,0.0,0.055611112944671276,0.09254146688247819,0.0,0.0,0.0,0.0,0.0,0.0,0.058364171802709135,0.0,0.0,0.0,0.11883930881017865,0.0,0.0,1.0,0.13651137340793443,0.0,마주,1225
0.11049089181210027,0.0,0.0,0.12064722402229446,0.0,0.0,0.0,0.0,0.0,0.0,0.0,0.0,0.0,0.0,0.0,0.0,1.0,0.0,0.0,0.0,0.03133642136935845,0.0,0.0,0.0,0.0,0.0,0.0,0.0,0.032887748215054774,0.050342643504971384,0.0,0.0,0.0,0.0,0.0,0.0,0.0,0.0,백련 맑은 술,1219
0.22895448425668424,0.0,0.0,1.0,0.4088979780570643,0.0,0.0,0.0,0.0,0.0,0.3855768823230935,0.76264740715374,0.0,0.0,0.0,0.0,0.0,0.0,0.0,0.0,0.0,0.4322219887366776,0.0,0.0,0.0,0.0,0.0,0.0,0.5451886436935744,0.0,0.0,0.0,0.27752403395149244,0.0,0.0,0.0,0.0,0.0,오메기술 13%,1217
0.0,0.0,0.0,0.10189990878568692,1.0,0.0,0.0,0.3835623645553631,0.1209971045984161,0.1340779779337044,0.2946768685394458,0.0,0.0,0.0,0.0,0.0,0.0,0.0,0.0,0.0,0.15880241779706794,0.0,0.0,0.0,0.0,0.0,0.0,0.0,0.08333200959505141,0.0,0.0,0.0,0.08483902123647888,0.0,0.0,0.0,0.0,0.0,보리수헤는밤,1212
0.4407446949260656,0.0,0.0,0.2138924377417305,0.0,0.0,0.2232173127803664,0.0,0.2539783005760804,0.2814356351195302,0.12370796894541426,0.0,0.0,0.0,0.0,0.0,0.0,0.0,0.0,0.0,0.9999999999999999,0.0,0.0,0.0,0.0,0.0,0.8182499634785383,0.0,0.17491759204308957,0.0,0.0,0.0,0.17808087646141052,0.0,0.0,0.0,0.0,0.0,청주신선주 약주 16%,1205
0.40835345874756207,0.0,0.0,0.0,0.2917172016203691,0.0,0.2481751347904198,0.0,0.14118774703046816,0.1564514100869514,0.2750793967122576,0.0,0.0,0.0,1.0,0.0,0.2274345260781266,0.0,0.17225199047259382,0.0,0.18530158772123745,0.1541785430587995,0.0,0.0,0.0,0.0,0.0,0.0,0.09723752257788058,0.14884551847195218,0.0,0.0,0.1979920149065335,0.0,0.0,0.0,0.0,0.0,매화깊은밤,1203
0.2799697400219131,0.0,0.0,0.0,0.0,0.0,0.850752289208961,0.0,0.0,0.0,0.0,0.0,0.0,0.0,0.0,0.0,0.0,0.0,0.0,0.0,0.0,0.5285289703376015,0.0,0.0,0.0,0.0,0.0,0.0,0.9999999999999999,0.0,0.0,0.0,0.0,0.0,0.0,0.0,0.0,0.0,서설,1187
0.17171586319251314,0.0,0.0,1.0,0.0,0.0,0.0,0.0,0.2968528285263088,0.0,0.7229566543558005,0.0,0.0,0.0,0.0,0.0,0.0,0.0,0.0,0.0,0.0,0.0,0.0,0.0,0.0,0.0,0.0,0.0,0.0,0.0,0.0,0.0,0.20814302546361935,0.0,0.0,0.0,0.0,0.0,[3+1] 우포,1178
0.37778116707948484,0.0,0.0,0.0,0.0,0.0,0.19132912524031406,0.0,0.21769568620806898,0.0,0.0,0.20973151678310173,0.0,0.0,0.0,0.0,0.0,0.0,0.0,0.0,1.0,0.0,0.0,0.0,0.0,0.0,0.0,0.0,0.44978809382508755,0.0,0.0,0.0,0.3052815025052752,0.0,0.0,0.0,0.7013571115530328,0.0,[3+1] 운암 1945,1177
0.22037234746303286,0.0,0.0,0.3208386566125958,0.0,0.0,0.0,0.0,0.0,0.0,0.18556195341812143,0.0,0.0,0.0,0.0,0.5945474711930523,0.0,0.0,0.0,0.0,1.0,0.0,0.0,0.0,0.0,0.0,0.0,0.0,0.5247527761292687,0.0,0.0,0.0,0.0,0.0,0.0,0.0,0.0,0.42215345267929527,청비성,1169
0.0,0.0,0.0,0.2138924377417305,0.0,0.0,0.0,0.0,0.0,0.0,0.0,0.24468676958028535,0.0,0.0,0.8994346390458097,0.0,0.0,0.0,0.0,0.0,1.0,0.0,0.0,0.0,0.0,0.0,0.0,0.0,0.0,0.0,0.0,0.0,0.0,0.0,0.0,0.0,0.0,0.0,모든날에,1157
0.5474311062814493,0.0,0.0,0.2656671201404557,0.0,0.0,0.2772491691522833,0.0,0.31545614424053187,0.0,0.4609579496378023,0.0,0.0,0.0,0.0,0.0,0.0,0.0,0.0,0.0,0.6210297169581136,0.0,0.0,0.0,0.0,0.0,0.0,1.0,0.0,0.0,0.0,0.0,0.22118703260896513,0.0,0.0,0.0,0.0,0.0,기다림 흑미 약주,1140
0.17629787797042631,0.0,0.0,0.2566709252900767,0.0,0.0,0.0,0.0,0.3047739606912966,0.0,0.4453486882034914,0.0,0.0,0.0,0.0,0.0,0.0,0.0,0.0,0.0,1.0,0.0,0.0,0.0,0.0,0.5520512738999632,0.0,0.0,0.0,0.32130435643297617,0.0,0.0,0.2136970517536927,0.0,0.0,0.0,0.0,0.0,기다림 백미 약주,1139
0.10387297082245583,0.0,0.0,0.07561398878011806,0.0,0.0,0.0,0.1423096481418959,0.0,0.0,0.04373250908077694,0.08650021873156354,0.13243534104700153,0.0,0.0,0.0,0.0,0.0,0.0,0.0,0.11783802734129377,0.0,0.0,1.0,0.0,0.0,0.0,0.0,0.0,0.0,0.0,0.0,0.0,0.15258358886684614,0.0,0.0,0.0,0.0,동짓달 기나긴 밤,1125
0.0,0.0,0.0,0.0,0.0,0.0,0.0,0.0,0.34217453510499335,0.0,1.0,0.0,0.0,0.0,0.0,0.0,0.0,0.0,0.41746005585137846,0.0,0.4490863121361993,0.3736582841209672,0.0,0.0,0.0,0.0,0.0,0.0,0.2356592890151259,0.0,0.0,0.0,0.47984210443222175,0.0,0.0,0.0,0.0,0.0,지란지교 약주,1100
0.589211535237679,0.0,0.0,0.8578292131593942,0.0,0.9999999999999999,0.0,0.0,0.5092980566377281,0.0,0.992277340727015,0.0,0.0,0.0,0.0,0.0,0.8204108683660499,0.0,0.0,0.0,0.0,0.5561589727622591,0.0,0.0,0.0,0.0,0.0,0.0,0.35075905893232223,0.0,0.5561589727622591,0.0,0.0,0.0,0.0,0.0,0.0,0.0,용봉약주 오향주 X 2병,1057
0.45790896851336843,0.0,0.0,1.0,0.0,0.0,0.6957307300095557,0.0,0.3958037713684117,0.43859371263257135,0.3855768823230935,0.0,0.0,0.0,0.0,0.0,0.0,0.0,0.0,0.0,0.5194719003823539,0.0,0.0,0.0,0.0,0.0,0.0,0.0,0.0,0.0,0.0,0.0,0.5550480679029849,0.0,0.0,0.0,0.0,0.0,궁중술 왕주,1051
0.11018617373151642,0.0,0.0,0.1604193283062979,0.1967854169571528,0.0,0.0,0.0,0.0,0.0,0.46390488354530357,0.183515077185214,0.0,0.0,0.0,0.0,0.0,0.0,0.0,0.0,0.9999999999999999,0.20801028333705024,0.0,0.0,0.0,0.0,0.0,0.0,0.0,0.0,0.0,0.0,0.1335606573460579,0.0,0.0,0.0,0.0,0.0,한청,1050
0.41994793911294204,0.0,0.0,0.4075996351427477,1.0,0.0,0.0,0.0,0.0,0.2681559558674088,0.23574149483155662,0.2331411036738202,0.0,0.0,0.0,0.0,0.0,0.0,0.0,0.0,0.15880241779706794,0.0,0.0,0.0,0.0,0.0,0.0,0.0,0.0,0.0,0.2642602873646139,0.0,0.0,0.0,0.0,0.0,0.0,0.0,오메기술 15%,1037
0.13072161604958998,0.0,0.0,0.0,0.0,0.0,0.39722762215151913,0.0,0.22598425534131328,0.2504151822605997,0.22014521066173823,0.0,1.0,0.0,0.0,0.0,0.0,0.0,0.0,0.0,0.0,0.0,0.0,0.0,0.0,0.0,0.0,0.0,0.0,0.0,0.0,0.0,0.0,0.0,0.0,0.0,0.0,0.0,감사 블루,1015
0.5151475895775395,0.0,0.0,1.0,0.0,0.0,0.0,0.0,0.8905584855789264,0.0,0.8675479852269604,0.0,0.0,0.0,0.0,0.0,0.0,0.0,0.0,0.0,0.1948019626433828,0.0,0.0,0.0,0.0,0.0,0.0,0.0,0.0,0.6259071923901276,0.0,0.0,0.0,0.0,0.0,0.0,0.0,0.0,감사,65
0.0,0.0,0.0,0.07561398878011806,0.0,0.0,0.0,0.14230964814189592,0.0897849057821385,0.0,0.3061275635654386,0.0,0.13243534104700153,0.0,0.0,0.0,0.0,0.0,0.0,0.0,0.29459506835323446,0.0,0.0,1.0,0.0,0.0,0.0,0.0,0.061835831980940587,0.0,0.0,0.0,0.0,0.0,0.0,0.0,0.0,0.0,복단지,226
0.0,0.0,0.0,0.0,0.26238055594287035,0.0,0.4464346255607328,0.0,0.2539783005760804,0.0,0.49483187578165705,0.48937353916057064,0.0,0.0,0.0,0.0,0.0,0.0,0.0,0.0,1.0,0.0,0.0,0.0,0.0,0.0,0.0,0.40255722580319236,0.17491759204308957,0.2677536303608134,0.27734704444940034,0.3340330244899242,0.35616175292282104,0.0,0.0,0.0,0.0,0.0,청명주 약주 17%,116
0.26485751560891785,0.0,0.0,0.38560432141319145,0.0,0.0,0.0,0.36286417492059814,0.45787093401389517,0.0,0.3345302521368235,0.0,0.0,0.0,0.0,0.0,0.0,0.0,0.0,0.0,0.0,0.0,0.0,0.0,0.0,0.0,0.0,0.0,0.0,0.0,1.0,0.0,0.0,0.0,0.0,0.0,0.0,0.0,[3+1] 단상지교,197
0.8700325520036548,0.0,0.0,0.7600048147807829,0.3107644320774958,0.0,0.0,0.0,0.6016255438967701,0.9999999999999999,0.5860805740674289,0.0,0.0,0.0,0.0,0.0,0.0,0.0,0.0,0.0,0.39480114543391226,0.0,0.0,0.0,0.0,0.0,0.0,0.0,0.0,0.31712831988161255,0.3284907924940003,0.0,0.0,0.0,0.0,0.0,0.0,0.3333333333333333,동몽,350
0.23751889156552924,0.0,0.0,0.0,0.0,0.0,0.0,0.0,0.410609442125992,0.0,1.0,0.0,0.0,0.0,0.0,0.0,0.0,0.0,0.0,0.0,0.0,0.0,0.0,0.0,0.0,0.0,0.0,0.0,0.28279114681815104,0.0,0.0,0.0,0.0,0.0,0.0,0.0,0.0,0.0,맑은 문희주,145
0.10889425566601654,0.0,0.0,0.1585384332604344,0.19447813441357942,0.0,0.33090017972055974,0.298377972359953,0.0,0.0,0.1833862644748384,0.0,0.0,0.0,0.9999999999999999,0.0,0.30324603477083545,0.0,0.0,0.0,0.3706031754424749,0.0,0.0,0.0,0.0,0.0,0.0,0.0,0.25930006020768154,0.0,0.0,0.0,0.5279787064174226,0.0,0.0,0.0,0.0,0.0,매실 향기 담은 술,339
0.0,0.0,0.0,0.0,0.0,0.0,0.0,0.0,0.0,0.0,0.5039534554107313,0.0,0.0,0.0,0.0,0.0,0.9999999999999999,0.0,0.0,0.0,0.2715823185344398,0.22596766011072747,0.0,0.0,0.0,0.0,0.0,0.0,0.14251357559857067,0.2181514551882093,0.0,0.0,0.0,0.0,0.0,0.0,0.0,0.0,면천 두견주 [2병/4병],64
0.0,0.0,0.0,0.2105420396708832,0.0,0.0,0.8788834017475464,0.0,1.0,0.0,0.24354042976273269,0.2408540109777884,0.0,0.0,0.0,0.0,0.0,0.0,0.0,0.0,0.984336061123896,0.0,0.0,0.0,0.0,0.0,0.0,0.0,0.17217769357297136,0.0,0.0,0.0,0.525874285492548,0.0,0.0,0.0,0.0,0.2770272445334604,문삼이공 약주,283
0.2799697400219131,0.0,0.0,0.0,0.25000397127792895,0.0,0.0,0.0,0.24199805330187987,0.0,0.23574523961153807,0.0,0.35695414994934094,0.0,0.0,0.0,0.0,0.0,0.0,0.0,0.15880494039121537,0.0,0.0,0.0,0.0,0.0,0.0,0.0,1.0,0.255123595853883,0.0,0.0,0.16968073782761814,0.0,0.0,0.0,0.0,0.0,[3병 이상 구매 시 탁주 증정] 삼양춘 약주,151
0.0,0.0,0.0,0.4891273318901847,0.6000095310670296,0.0,0.2552256867626883,0.0,0.0,0.0,0.2828942875338457,0.0,0.0,0.0,0.0,0.0,0.0,0.0,0.35429119522174546,0.0,0.38113185693891705,0.0,0.0,0.0,0.0,0.0,0.0,0.0,1.0,0.30614831502465967,0.0,0.0,0.20361688539314185,0.0,0.0,0.0,0.0,0.0,세종대왕어주 약주,208
0.07181907967786519,0.0,0.0,0.0,0.0,0.0,0.0,0.0,0.06207841415509993,0.0,0.30237207324643894,0.0,0.0,0.0,0.0,0.0,1.0,0.0,0.0,0.0,0.0,0.06779029803321826,0.0,0.0,0.0,0.0,0.0,0.0,0.08550814535914243,0.0,0.13558059606643652,0.0,0.0,0.0,0.0,0.0,0.0,0.0,술아 국화주,147
0.0398994887099251,0.0,0.0,0.0,0.0,0.0,0.12124375068383834,0.0,0.06897601572788879,0.0,0.23517827919167467,0.0,0.0,0.1031103277443386,0.0,0.0,1.0,0.0,0.0,0.0,0.1810548790229599,0.0753225533702425,0.0,0.0,0.0,0.0,0.0,0.0,0.0,0.0,0.0,0.0,0.19345446926414014,0.0,0.1626959532299835,0.0,0.0,0.0,술아 매화주,103
0.29689861445691157,0.0,0.0,0.0,0.0,0.0,0.0,0.0,0.5132618026574899,0.0,1.0,0.0,0.0,0.0,0.0,0.0,0.0,0.0,0.0,0.0,0.0,0.0,0.0,0.0,0.0,0.0,0.0,0.0,0.0,0.0,0.0,0.0,0.0,0.0,0.0,0.0,0.0,0.5687500116579246,술아 순곡주,111
0.17954769919466293,0.0,0.0,0.0,0.0,0.0,0.0,0.0,0.10346402359183318,0.0,0.25197672770536567,0.0,0.0,0.0,0.0,0.0,0.9999999999999999,0.0,0.0,0.0,0.0,0.11298383005536373,0.0,0.0,0.0,0.0,0.0,0.0,0.14251357559857067,0.0,0.0,0.0,0.2901817038962101,0.0,0.0,0.0,0.0,0.0,술아 연화주,105
0.0,0.0,0.0,0.0,0.0,0.0,0.0,0.0,0.0,0.0,0.9999999999999999,0.0,0.0,0.0,0.0,0.0,0.0,0.0,0.0,0.0,0.0,0.0,0.0,0.0,0.0,0.0,0.0,0.0,0.47131857803025173,0.0,0.7473165682419343,0.0,0.0,0.0,0.0,0.0,0.0,0.0,우리술 오늘 약주,106
0.11875944578276464,0.0,0.0,0.17290109890665967,0.2120967292403329,0.0,0.0,0.0,0.0,0.0,1.0,0.0,0.0,0.0,0.0,0.0,0.0,0.0,0.0,0.0,0.0,0.22419497047258033,0.0,0.0,0.0,0.0,0.0,0.0,0.0,0.0,0.44838994094516066,0.0,0.287905262659333,0.0,0.0,0.0,0.0,0.0,천비향 약주,87
0.0,0.0,0.0,0.0,0.0,0.0,0.2929611339158488,0.0,1.0,0.0,0.4870808595254653,0.3211386813037179,0.0,0.0,0.0,0.0,0.0,0.0,0.0,0.0,0.8749653876656853,0.0,0.0,0.0,0.0,0.0,0.0,0.0,0.0,0.0,0.0,0.0,0.23372190466335466,0.0,0.0,0.0,0.0,0.36936965937794725,수제 약주 별바랑,188
0.39586481927588213,0.0,0.0,0.28816849817776613,0.0,0.0,0.0,0.0,0.0,0.0,1.0,0.32965643693799085,0.0,0.0,0.0,0.0,0.0,0.0,0.0,0.0,0.4490863121361992,0.3736582841209672,0.0,0.0,0.0,0.0,0.0,0.0,0.0,0.0,0.0,0.0,0.0,0.0,0.0,0.0,0.0,0.7583333488772328,경성 과하주,225
0.3531433541452238,0.0,0.0,0.5141390952175886,0.0,0.5993490164831399,0.0,0.0,0.30524728934259676,0.0,0.8920806723648627,0.0,0.0,0.0,0.0,0.0,0.0,0.0,0.0,0.0,0.20031060964015862,0.0,0.0,0.0,0.0,0.0,0.0,0.0,0.0,0.9654100727569241,1.0,0.0,0.2140289335754335,0.0,0.0,0.0,0.0,0.0,토박이 한산 소곡주,257
0.06449319801868865,0.0,0.0,0.281685673150583,0.11518070219891649,0.0,0.0,0.0,0.11149225177345051,0.0,0.3258344509454512,0.0,0.0,1.0,0.0,0.0,0.0,0.0,0.0,0.0,0.146327791942016,0.0,0.0,0.0,0.0,0.0,0.0,0.0,0.1535718300928779,0.0,0.0,0.0,0.0,0.0,0.0,0.0,0.0,0.0,고흥 유자주 8%,194
0.21545723903359557,0.0,0.0,0.20912185497197708,0.1282642554983761,0.0,0.10911937561545454,0.0,0.12415682831019986,0.0,0.0,0.0,0.0,0.0,0.0,0.0,0.0,0.0,0.0,0.0,0.3258987822413279,0.0,0.0,0.0,0.0,0.0,1.0,0.0,0.0,0.0,0.0,0.0,0.08705451116886306,0.0,0.0,0.0,0.0,0.0,금산인삼주 약주 [3병/6병/15병],354
0.17171586319251317,0.0,0.0,1.0,0.3066734835427982,0.0,0.26089902375358337,0.0,0.0,0.9868358534232856,0.4337739926134802,0.28599277768265247,0.0,0.0,0.0,0.0,0.0,0.0,0.0,0.0,0.0,0.3241664915525082,0.0,0.0,0.0,0.0,0.0,0.0,0.20444574138509042,0.3129535961950638,0.0,0.0,0.20814302546361935,0.0,0.0,0.0,0.0,0.0,김포 특주 [12병/20병],286
0.0,0.0,0.0,0.0,0.0,0.0,0.9999999999999999,0.0,0.0,0.0,0.2771020925853008,0.0,0.0,0.0,0.0,0.0,0.0,0.0,0.0,0.0,0.1866641352665345,0.0,0.0,0.0,0.0,0.0,0.0,0.0,0.5877151391093001,0.0,0.0,0.0,0.7977915074922183,0.0,0.0,0.0,0.0,0.0,녹파주,313
0.2610097656010964,0.0,0.0,0.7600048147807827,0.0,0.0,0.3965690284486584,0.0,0.0,0.9999999999999999,0.0,0.0,0.0,0.0,0.0,0.0,0.0,0.0,0.5504967656630928,0.0,0.8883025772263026,0.0,0.0,0.0,0.0,0.0,0.0,0.0,0.0,0.4756924798224188,0.0,0.0,0.6327588060615592,0.0,0.0,0.0,0.0,0.0,능이주,304
0.1547836752448528,0.0,0.0,0.3380228077806997,0.4146505279160994,0.0,0.0,0.0,0.0,0.0,0.06516689018909025,0.12889610895638884,0.0,1.0,0.0,0.0,0.0,0.0,0.0,0.0,0.08779667516520961,0.0,0.0,0.0,0.0,0.0,0.0,0.0,0.09214309805572675,0.1410472710545637,0.0,0.0,0.0,0.0,0.0,0.0,0.2155188787424096,0.0,니모메,130
0.7181907967786518,0.0,0.0,0.0,0.0,0.0,0.0,0.0,0.0,0.0,0.0,0.29903670088792267,0.0,0.9279929496990474,0.0,0.0,0.0,0.0,0.0,0.0,0.6110602167024898,0.0,0.0,0.0,0.0,0.0,0.0,0.0,0.0,0.0,0.0,0.0,0.21763627792215767,0.0,0.0,0.45783731010626055,1.0,0.0,송이주,303
0.26144323209917997,0.0,0.0,0.1903167442122631,0.23346039569639362,0.0,0.0,0.0,0.0,0.0,0.11007260533086909,0.0,0.3333333333333333,0.0,0.0,0.0,0.0,0.0,0.0,0.0,0.0,0.0,0.0,0.0,0.0,0.0,0.0,0.0,0.466913374421673,0.0,0.0,0.0,0.47535723524071444,0.0,0.0,1.0,0.0,0.0,솔송주,93
0.0,0.0,0.0,0.0,0.0,0.0,0.19861381107575954,0.0,0.22598425534131325,0.2504151822605997,0.2201452106617382,0.0,1.0,0.0,0.0,0.0,0.0,0.0,0.0,0.0,0.0,0.0,0.0,0.0,0.0,0.0,0.0,0.0,0.0,0.0,0.0,0.0,0.15845241174690483,0.0,0.0,0.0,0.0,0.0,그리움,60
0.14461363232159227,0.0,0.0,0.0,0.0,0.0,0.0,0.0,1.0,0.5540544890669208,0.12177021488136636,0.0,0.0,0.0,0.0,0.0,0.0,0.0,0.0,0.0,0.16405601018731603,0.2730026972976769,0.38439073201634466,0.0,0.0,0.0,0.0,0.0,0.0,0.2635595538609868,0.0,0.0,0.0,0.0,0.0,0.0,0.0,0.0,[3병 이상 구매 시 탁주 증정] 삼양춘 청주,231
0.2892272646431845,0.0,0.0,0.0,0.0,0.0,0.0,0.0,1.0,0.0,0.0,0.9634160439111539,0.7375145069949373,0.0,0.0,0.0,0.0,0.0,0.0,0.0,0.0,0.0,0.0,0.0,0.0,0.0,0.0,0.0,0.6887107742918854,0.5271191077219736,0.0,0.0,0.0,0.0,0.0,0.0,0.0,0.0,[3+1] 하타,199
0.0,0.0,0.0,0.5141390952175887,0.3153456547118407,0.0,0.268276776031639,0.0,0.0,0.0,0.7434005603040523,0.0,0.0,0.0,0.0,0.0,0.0,0.0,0.0,0.0,0.0,0.6666666666666667,0.0,0.0,0.0,0.0,0.0,0.0,0.21022709699363903,0.0,1.0,0.0,0.0,0.0,0.0,0.0,0.0,0.0,우렁이쌀 청주,148
0.18247703542714977,0.0,0.0,0.0,0.0,0.6193939680883583,0.0,0.0,0.0,0.0,0.46095794963780234,0.0,0.0,0.0,0.0,0.0,0.0,0.0,0.0,0.0,0.0,0.6889630260543216,0.0,0.0,0.9999999999999999,0.0,0.0,0.0,0.2172580453550294,0.33256592255496664,0.0,0.0,0.0,0.0,0.0,0.0,0.0,0.0,구기홍주,200
0.0,0.0,0.0,0.0,0.0,1.0,0.0,0.06209543593109679,0.0,0.0,0.038164513104885195,0.0,0.0,0.0,0.0,0.0,0.0,0.0,0.0,0.0,0.0,0.0427814594432507,0.0,0.0,0.0,0.0709627151782364,0.0,0.0,0.026981466071717097,0.0,0.0,0.0,0.0,0.0,0.0,0.0,0.0,0.0,제주 몬순 커피주,281
0.051299342627046565,0.0,0.0,0.0,0.09161732535598294,0.0,0.0,0.0,0.0,0.0,0.12958803139133093,0.08543905739654933,0.0,0.0,0.0,0.0,0.0,0.0,0.0,0.0,0.05819621111452283,0.0,0.0,0.0,0.0,0.0,1.0,0.0,0.0,0.0,0.0,0.0,0.0,0.0,0.0,0.0,0.0,0.0,[10+1] 홍삼명주,76
0.2610097656010964,0.0,0.0,0.0,0.0,0.0,0.0,0.0,0.0,0.0,0.1465201435168572,0.0,0.0,0.0,0.0,0.0,0.0,0.0,0.0,0.2663233693036673,0.0,0.0,0.0,0.0,0.0,0.0,0.4845690342488757,0.0,0.2071729970854606,0.0,0.16424539624700013,0.0,0.0,0.0,0.0,0.0,0.0,0.9999999999999999,[10+1] 화주,314
0.5937972289138231,0.0,0.0,0.0,0.0,0.0,0.0,0.0,0.0,0.5687500116579246,1.0,0.0,0.0,0.7672607953965345,0.0,0.0,0.0,0.0,0.0,0.0,0.3368147341021494,0.0,0.7891723201581647,0.0,0.0,0.9296950151468447,0.0,0.0,0.0,0.0,0.0,0.0,0.3598815783241663,0.0,0.6053235850076545,0.0,0.0,0.0,[5+1] 아이엠더문 오리지널 / 화이트,300
0.0,0.0,0.0,0.0,0.0,0.0,0.0,0.0,0.0,0.0,0.7072357188346142,0.0,0.0,0.0,0.0,0.0,0.0,0.0,0.0,0.0,0.0,0.0,0.0,0.0,0.0,0.0,0.0,0.0,0.9999999999999999,0.0,0.0,0.0,0.0,0.0,0.0,0.0,0.0,0.0,[문배술X장욱진 아트에디션] 문배술 25% X 2병 + 전용잔 2개,249
0.0,0.0,0.0,0.7600048147807829,0.4661466481162437,0.0,0.3965690284486584,0.0,0.0,1.0,0.0,0.4347117760626919,0.0,0.0,0.0,0.0,0.0,0.0,0.0,0.0,0.0,0.0,0.0,0.0,0.0,0.0,0.0,0.0,0.310759495628191,0.0,0.0,0.0,0.0,0.0,0.0,0.0,0.0,0.0,겨울소주 25%,202
1.0,0.0,0.0,0.0,0.2976559434106001,0.0,0.2532274527068452,0.0,0.0,0.0,0.1403397140902242,0.0,0.0,0.0,0.0,0.0,0.0,0.0,0.0,0.0,0.0,0.0,0.0,0.0,0.0,0.0,0.0,0.0,0.3968682869170593,0.0,0.0,0.0,0.0,0.0,0.0,0.0,0.0,0.0,겨울소주 45%,1007
0.27996529274196136,0.0,0.0,0.2037998175713738,1.0,0.0,0.0,0.0,0.0,0.0,0.3536122422473349,0.23314110367382024,0.0,0.0,0.0,0.0,0.0,0.0,0.0,0.0,0.0,0.0,0.0,0.0,0.0,0.0,0.0,0.0,0.833320095950514,0.0,0.0,0.0,0.0,0.0,0.0,0.0,0.0,0.2681559558674088,고소리술 29%,125
1.0,0.0,0.0,0.4852978157289237,0.0,0.0,0.0,0.0,0.0,0.0,0.0,0.0,0.0,0.0,0.0,0.0,0.0,0.0,0.0,0.0,0.0,0.0,0.0,0.0,0.0,0.0,0.0,0.0,0.0,0.0,0.0,0.0,0.0,0.0,0.0,0.0,0.0,0.9578185682986178,고소리술 40%,1020
0.3649540708542996,0.0,0.0,0.0,0.0,0.0,0.0,0.0,0.0,0.0,0.15365264987926744,0.3039155105116795,0.0,0.0,0.0,0.0,0.0,0.0,0.0,0.0,0.0,0.34448151302716085,0.0,0.0,1.0,0.0,0.0,0.0,0.4345160907100588,0.0,0.0,0.0,0.0,0.0,0.0,0.0,0.0,0.6991195712808349,고운달 백자 (세트포장),92
0.09333793342801418,0.0,0.0,0.0,0.0,0.0,0.0,0.0,0.0,0.0,0.03929705667317966,0.07772716611018421,0.0,0.0,0.0,0.0,0.0,0.0,0.0,1.0,0.0,0.08810202460502829,0.0,0.0,0.2557525477371026,0.0,0.0,0.0,0.11112859723186352,0.0,0.0,0.0,0.0,0.0,0.0,0.0,0.0,0.17880161152794447,고운달 오크 (세트포장),94
0.0828681688590752,0.0,0.0,0.08043148268152964,0.0,0.0,0.0,0.0,0.0,0.0,0.0,0.0920112925808993,0.0,0.0,0.0,0.0,0.0,0.0,0.0,0.0,0.0,0.0,0.0,0.0,0.0,0.0,1.0,0.0,0.06577549643010956,0.0,0.0,0.0,0.0,0.0,0.0,0.0,0.0,0.0,금산인삼주 수삼 23%,340
0.8585793159625658,0.0,0.0,1.0,0.3066734835427982,0.0,0.0,0.0,0.0,0.0,0.14459133087116008,0.2859927776826525,0.0,0.0,0.0,0.0,0.0,0.0,0.0,0.0,0.0,0.0,0.0,0.0,0.0,0.0,0.0,0.0,0.0,0.0,0.32416649155250826,0.0,0.0,0.0,0.0,0.0,0.0,0.32894528447442856,금설,1049
0.5937972289138231,0.0,0.0,0.0,0.0,0.0,0.45109727910669256,0.8135232298188071,0.0,0.0,1.0,0.0,0.0,0.7672607953965344,0.0,0.0,0.0,0.0,0.0,0.0,0.3368147341021494,0.5604874261814508,0.0,0.0,0.0,0.0,0.0,0.0,0.3534889335226888,0.0,0.0,0.0,0.35988157832416623,0.0,0.0,0.0,0.0,0.5687500116579246,꿀샘16,254
0.22895448425668422,0.0,0.0,0.9999999999999999,0.0,0.0,0.0,0.0,0.0,0.0,0.09639422058077338,0.0,0.0,0.0,0.0,0.0,0.0,0.0,0.0,0.0,0.0,0.0,0.0,0.0,0.0,0.0,0.0,0.0,0.0,0.0,0.0,0.0,0.0,0.0,0.0,0.0,0.0,0.0,농태기 25%,1171
0.5220195312021929,0.0,0.0,0.0,0.0,0.0,0.2643793522991056,0.0,0.0,0.0,0.29304028703371443,0.0,0.0,0.0,0.0,0.0,0.9691380684977515,0.0,0.0,0.0,0.19740057271695613,0.0,0.0,0.0,0.0,0.0,0.0,0.0,0.0,0.0,0.0,0.0,0.4218392040410394,0.0,0.0,0.0,0.0,1.0,달홀진주 40%,1170
0.2614432320991799,0.0,0.0,0.0,0.0,0.0,0.1986138110757595,0.0,0.0,0.0,0.11007260533086909,0.0,0.0,0.0,0.0,0.0,0.0,0.0,0.0,0.0,0.0,0.0,0.0,0.0,0.0,0.0,0.0,0.0,0.622551165895564,0.0,0.0,0.0,0.6338096469876193,0.0,0.0,1.0,0.0,0.0,담솔,95
1.0,0.0,0.0,0.7279467235933856,0.8929678302318003,0.0,0.7596823581205356,0.0,0.0,0.4789092841493089,0.0,0.0,0.0,0.0,0.0,0.0,0.0,0.0,0.0,0.0,0.0,0.47195187084882256,0.0,0.0,0.0,0.0,0.0,0.0,0.0,0.45562708997392826,0.47195187084882256,0.0,0.30303406685011264,0.0,0.0,0.0,0.0,0.0,독산 30%,243
0.5220195312021929,0.0,0.0,0.7600048147807829,0.4661466481162437,0.0,0.0,0.0,0.45121915792257766,0.0,0.0,0.0,0.0,0.0,0.0,0.0,0.0,0.0,0.0,0.0,0.0,0.4927361887410005,0.0,0.0,0.0,0.0,0.0,0.0,0.0,0.0,0.0,0.0,0.0,0.0,0.0,0.0,0.0,1.0,독산 53%,244
0.08796429546631254,0.0,0.0,0.12806664135580542,0.1570985721208442,0.0,0.1336498468205197,0.0,0.0,0.0,0.14813860891068367,0.0,0.0,0.0,0.0,0.0,0.0,0.0,0.0,0.0,0.0,0.0,0.0,0.0,0.0,0.0,0.0,0.0,0.1047307177547445,0.0,0.0,1.0,0.0,0.0,0.0,0.0,0.0,0.0,두레앙 22% X 6병,1112
0.35185718186525017,0.0,0.0,0.0,0.0,0.0,0.0,0.0,0.0,0.0,0.2222079133660255,0.0,0.0,0.0,0.0,0.0,0.0,0.0,0.0,0.0,0.0,0.0,0.0,0.0,0.0,0.0,0.0,0.0,0.0,0.0,0.16605965525289923,1.0,0.0,0.0,0.0,0.0,0.0,0.0,두레앙 일반증류주 35%,1113
1.0,0.0,0.0,0.9705956314578474,0.0,0.0,0.0,0.0,0.0,0.6385457121990785,0.2806794281804484,0.2775833406472779,0.0,0.0,0.0,0.0,0.0,0.0,0.0,0.0,0.0,0.0,0.0,0.0,0.0,0.0,0.0,0.0,0.5953024303755889,0.0,0.6292691611317633,0.0,0.0,0.0,0.0,0.0,0.0,0.0,려 고구마 증류소주 25%,357
0.9158179370267368,0.0,0.0,1.0,0.0,0.0,0.34786536500477777,0.0,0.0,0.8771874252651427,0.5783653234846402,0.0,0.0,0.0,0.0,0.0,0.0,0.0,0.0,0.0,0.0,0.0,0.0,0.0,0.0,0.0,0.0,0.0,0.0,0.4172714615934184,0.4322219887366776,0.0,0.27752403395149244,0.0,0.0,0.0,0.0,0.0,려 고구마 증류소주 40%,358
1.0,0.0,0.0,0.7279467235933856,0.0,0.0,0.3798411790602678,0.0,0.0,0.0,0.0,0.41637501097091684,0.0,0.0,0.0,0.0,0.0,0.0,0.0,0.0,0.2836109009116231,0.47195187084882256,0.0,0.0,0.0,0.0,0.0,0.0,0.29765121518779447,0.0,0.0,0.0,0.0,0.0,0.0,0.0,0.0,0.0,려 증류소주 25%,345
0.3915146484016447,0.0,0.0,0.19000120369519574,0.0,0.0,0.19828451422432922,0.0,0.0,0.0,0.0,0.0,0.0,0.0,0.0,0.0,0.0,0.0,0.0,0.0,0.0,0.0,0.0,0.0,0.0,0.0,0.0,0.0,0.310759495628191,0.0,0.0,0.0,0.15818970151538983,0.0,0.0,0.0,0.0,1.0,려 증류소주 40%,324
0.0,0.0,0.0,0.0,0.0,0.0,0.18483277943485554,0.0,0.0,0.0,0.7170456994365814,0.2026103403411197,0.0,0.6287554899261437,0.0,0.0,0.0,0.0,0.0,0.0,0.27601320753693936,0.0,0.0,0.0,0.9999999999999999,0.0,0.0,0.0,0.0,0.0,0.0,0.0,0.14745802173931008,0.0,0.0,0.0,0.0,0.699119571280835,막시모,1107
0.07790472811684188,0.0,0.0,0.0,0.0,0.0,0.0,0.0,0.0,0.0,0.3935925817269924,0.0,0.0,0.0,0.0,0.0,0.0,0.5671688603961035,0.0,0.0,0.0,0.0,0.0,1.0,0.0,0.0,0.0,0.0,0.09275374797141088,0.0,0.0,0.0,0.0,0.0,0.0,0.0,0.0,0.1492371902971331,만월 24%,1043
0.124647564986947,0.0,0.0,0.0,0.0,0.0,0.0,0.0,0.0,0.0,0.20991604358772933,0.10380026247787626,0.0,0.0,0.0,0.0,0.0,0.15124502943896093,0.0,0.0,0.0,0.0,0.0,1.0,0.0,0.0,0.0,0.0,0.0,0.0,0.0,0.0,0.07554491708191652,0.0,0.0,0.0,0.0,0.11938975223770648,만월 40%,1054
0.0,0.0,0.0,0.0,0.0,0.0,0.0,0.0,0.0,0.0,0.2750793967122576,0.2176360651085158,0.0,0.0,1.0,0.0,0.0,0.0,0.0,0.0,0.07412063508849498,0.0,0.0,0.0,0.0,0.0,0.0,0.0,0.0,0.0,0.0,0.0,0.0,0.0,0.0,0.0,0.0,0.0,매실원주,77
0.5039455320394436,0.0,0.0,0.0,0.9000142966005442,0.0,0.0,0.0,0.0,0.0,0.2828942875338457,0.0,0.0,0.0,0.0,0.0,0.935583384062329,0.0,0.0,0.514204791262071,0.0,0.0,0.0,0.0,0.0,0.0,0.0,0.0,0.9999999999999999,0.0,0.0,0.0,0.0,0.0,0.0,0.8566899598784183,0.0,0.0,모리,1065
0.193479594056066,0.0,0.0,0.281685673150583,0.3455421065967495,0.0,0.5879321370428646,0.0,0.3344767553203516,0.0,0.3258344509454512,0.0,0.0,1.0,0.0,0.0,0.0,0.0,0.0,0.0,0.0,0.0,0.0,0.0,0.0,0.0,0.0,0.0,0.46071549027863373,0.3526181776364091,0.0,0.0,0.4690472659145485,0.0,0.0,0.0,0.0,0.37063669554755774,모월 로 25%,1128
1.0,0.0,0.0,0.0,0.0,0.0,0.0,0.0,0.4321860878303112,0.0,0.6315287134060088,0.0,0.0,0.0,0.0,0.0,0.0,0.0,0.0,0.0,0.0,0.0,0.0,0.0,0.0,0.0,0.0,0.0,0.0,0.0,0.0,0.0,0.0,0.0,0.0,0.6374870189924853,0.0,0.47890928414930883,모월 인 41%,1122
0.39216484814876995,0.0,0.0,0.28547511631839473,0.0,0.0,0.0,0.0,0.3389763830119699,0.0,0.16510890799630365,0.6531505718014081,0.0,0.0,0.0,0.0,0.0,0.0,0.0,0.0,0.0,0.0,0.0,0.0,0.0,0.0,0.0,0.0,0.0,0.0,0.0,0.0,0.2376786176203573,0.0,0.0,1.0,0.0,0.0,무작 30%,1110
1.0,0.0,0.0,0.0,0.0,0.0,0.0,0.0,0.4321860878303112,0.0,0.21050957113533625,0.41637501097091684,0.0,0.0,0.0,0.0,0.0,0.0,0.0,0.0,0.0,0.943903741697645,0.0,0.0,0.0,0.0,0.0,0.0,0.5953024303755888,0.0,0.4719518708488225,0.0,0.30303406685011264,0.0,0.0,0.6374870189924853,0.0,0.0,무작 53%,1109
0.1580449888666775,0.0,0.0,0.0,0.2822581815745721,0.0,0.9605119186509711,0.0,0.0,0.0,0.26615986261130625,0.0,0.0,0.0,0.0,0.0,0.0,0.0,1.0,0.0,0.7171725068327338,0.0,0.0,0.0,0.0,0.0,0.0,0.0,0.0,0.28803831344914466,0.0,0.0,0.7662882515448011,0.0,0.0,0.0,0.0,0.0,문경바람 백자 25%,1019
0.11853374165000816,0.0,0.0,0.0,0.0,0.0,0.0,0.0,0.0,0.0,0.09980994847923985,0.09870897595989193,0.0,0.0,0.0,0.0,0.0,0.0,1.0,0.0,0.0,0.0,0.0,0.0,0.0,0.0,0.0,0.0,0.07056342448576201,0.0,0.11188444226086469,0.0,0.0,0.0,0.0,0.0,0.0,0.22706763744457806,문경바람 백자 40%,90
0.0816706917495124,0.0,0.0,0.0,0.07292930040509227,0.0,0.1240875673952099,0.0,0.0,0.07822570504347569,0.0,0.0,0.0,0.0,0.0,0.0,0.0,0.0,0.17225199047259382,0.9999999999999999,0.09265079386061871,0.0,0.0,0.0,0.0,0.0,0.0,0.0,0.048618761288940285,0.0,0.0,0.0,0.09899600745326674,0.0,0.08325602328980329,0.0,0.0,0.0,문경바람 오크 25%,1021
0.26134621359843974,0.0,0.0,0.0,0.0,0.0,0.0,0.0,0.0,0.0,0.055015879342451536,0.0,0.0,0.0,0.0,0.0,0.0,0.0,0.9646111466465257,1.0,0.0,0.0,0.0,0.0,0.0,0.0,0.0,0.0,0.07779001806230447,0.11907641477756177,0.24668566889407922,0.0,0.0,0.0,0.0,0.0,0.0,0.25032225613912223,문경바람 오크 40%,89
0.5220195312021929,0.0,0.0,0.0,0.46614664811624373,0.0,0.0,0.0,0.0,1.0,0.43956043055057165,0.43471177606269185,0.0,0.0,0.0,0.0,0.0,0.0,0.5504967656630927,0.0,0.0,0.0,0.0,0.0,0.0,0.0,0.0,0.0,0.310759495628191,0.0,0.0,0.0,0.0,0.0,0.0,0.0,0.0,0.0,문배술 40%,162
0.0,0.0,0.0,0.42108407934176645,0.5165412859046064,0.0,0.0,0.0,1.0,0.0,0.7306212892881981,0.0,0.0,0.0,0.0,0.0,0.0,0.0,0.0,0.0,0.0,0.0,0.0,0.0,0.0,0.0,0.0,0.0,0.6887107742918855,0.0,0.0,0.0,0.0,0.0,0.0,0.0,0.0,0.0,미르 25%,67
0.8676817939295535,0.0,0.0,0.8421681586835329,0.5165412859046062,0.0,0.0,0.0,1.0,0.0,0.48708085952546537,0.4817080219555769,0.0,0.0,0.0,0.0,0.0,0.0,0.0,0.0,0.0,0.0,0.0,0.0,0.0,0.0,0.0,0.0,0.6887107742918854,0.0,0.5460053945953538,0.0,0.701165713990064,0.0,0.0,0.0,0.0,0.0,미르 40%,1016
0.9999999999999999,0.0,0.0,0.0,0.0,0.0,0.0,0.0,0.5762481171070817,0.0,0.5613588563608968,0.0,0.0,0.0,0.0,0.0,0.0,0.0,0.0,0.0,0.0,0.0,0.0,0.0,0.0,0.0,0.0,0.0,0.0,0.0,0.0,0.0,0.4040454224668169,0.0,0.0,0.0,0.0,0.6385457121990785,미르 54%,1018
0.386959188112132,0.0,0.0,0.0,0.0,0.0,0.5879321370428647,0.0,0.0,0.0,0.16291722547272564,0.0,0.0,1.0,0.0,0.0,0.0,0.0,0.20403430213498697,0.29612764063740943,0.4389833758260481,0.0,0.0,0.0,0.0,0.0,0.0,0.0,0.11517887256965843,0.0,0.0,0.0,0.7035708988718228,0.0,0.0,0.0,0.0,0.0,미상 25%,327
0.0,0.0,0.0,0.0,0.0,0.0,0.2643793522991056,0.9535803230987906,0.0,0.33333333333333326,0.43956043055057153,0.0,0.0,0.0,0.0,0.0,0.0,0.0,0.0,0.0,0.1974005727169561,0.32849079249400026,0.0,0.0,0.0,0.0,0.0,0.4767901615493953,0.2071729970854606,0.0,0.0,0.0,0.0,0.0,0.0,0.0,0.0,1.0,밀담 24%,325
0.0,0.0,0.0,0.0,0.0,0.0,0.18483277943485557,1.0,0.0,0.2330398570936117,0.4097403996780466,0.0,0.0,0.0,0.0,0.0,0.0,0.0,0.0,0.0,0.13800660376846965,0.0,0.0,0.0,0.0,0.0,0.0,0.3333333333333333,0.0,0.0,0.0,0.0,0.1474580217393101,0.0,0.0,0.0,0.0,0.9321594283744468,밀담 40%,326
0.33931270223647036,0.0,0.0,0.0,0.0,0.0,0.0,0.46487041703931836,0.0,0.0,1.0,0.0,0.0,0.0,0.0,0.0,0.0,0.0,0.0,0.0,0.0,0.0,0.0,0.0,0.0,0.0,0.0,0.46487041703931836,0.0,0.0,0.0,0.0,0.0,0.0,0.0,0.0,0.0,0.9750000199850138,밀담 52%,1085
0.3116189124673674,0.0,0.0,0.3024559551204722,0.5565313282503568,0.0,0.0,0.0,0.0,0.0,0.0,0.17300043746312704,0.0,0.0,0.0,0.0,0.0,0.0,0.0,0.0,0.0,0.0,0.0,1.0,0.0,0.0,0.0,0.0,0.0,0.0,0.0,0.0,0.0,0.0,0.0,0.0,0.0,0.39796584079235486,병영설성 사또,182
0.37328705698928183,0.0,0.0,0.4075996351427477,1.0,0.0,0.0,0.0,0.0,0.0,0.07858049827718554,0.310854804898427,0.0,0.0,0.0,0.0,0.0,0.0,0.0,0.0,0.0,0.0,0.0,0.0,0.0,0.0,0.0,0.0,0.11110934612673522,0.0,0.0,0.0,0.0,0.0,0.0,0.0,0.0,0.35754127448987844,병영소주,181
0.7830292968032893,0.0,0.0,0.0,0.0,0.0,0.0,0.0,0.0,1.0,0.0,0.0,0.0,0.33725748556907476,0.0,0.0,0.0,0.0,0.0,0.0,0.0,0.24636809437050025,0.0,0.0,0.0,0.0,0.3634267756866568,0.0,0.310759495628191,0.0,0.24636809437050025,0.0,0.1581897015153898,0.0,0.0,0.0,0.3634267756866568,0.0,부자진,255
0.3590953983893259,0.0,0.0,0.0,0.0,0.0,0.0,0.0,0.0,0.6878964807357718,0.3023720732464389,0.0,0.0,0.46399647484952367,0.0,0.0,0.0,0.0,0.0,0.0,0.0,0.0,0.0,0.0,0.9839468225378074,0.0,0.5,0.0,0.4275407267957121,0.0,0.0,0.0,0.21763627792215764,0.0,0.0,0.4578373101062605,1.0,0.0,부자진 오미자,353
0.2393969322595506,0.0,0.0,0.0,0.0,0.0,0.0,0.0,0.0,0.0,0.0,0.3987156011838969,0.0,0.0,0.0,0.0,0.0,0.0,0.0,0.0,0.0,0.0,0.0,0.0,0.0,0.0,1.0,0.0,0.1425135755985707,0.0,0.0,0.0,0.0,0.0,0.0,0.0,0.0,0.0,삼천갑자 동방주,1074
0.09804121203719249,0.0,0.0,0.14273755815919734,0.0,0.0,0.14896035830681967,0.0,0.08474409575299248,0.0,0.0,0.0,0.0,0.0,0.0,0.0,0.0,0.0,0.0,0.0,0.0,0.18508293376495638,0.0,0.0,0.0,0.0,0.0,0.0,0.0,0.0,0.0,0.0,0.11883930881017865,0.0,0.0,1.0,0.0,0.18781138669544983,상록수 40%,1223
0.13067310679921987,0.0,0.0,0.0,0.3500606419444429,0.0,0.29781016174850383,0.0,0.0,0.0,0.05501587934245153,0.0,0.0,0.0,1.0,0.0,0.0,0.15855630943771848,0.0,0.0,0.0,0.0,0.0,0.0,0.0,0.0,0.0,0.0,0.07779001806230447,0.0,0.0,0.0,0.0791968059626134,0.0,0.0,0.0,0.0,0.0,서울의 밤,70
0.20624743828196015,0.0,0.0,0.9008228816812917,0.0,0.0,0.0,0.0,0.0,0.0,0.34733647824397734,0.6870102350189973,0.0,0.0,0.0,0.0,0.0,0.0,0.0,0.0,0.0,0.0,0.0,0.0,0.0,0.0,0.0,0.0,0.49111840507196064,0.0,0.0,0.0,1.0,0.0,0.0,0.0,0.0,0.0,솔섬 17%,1105
1.0,0.0,0.0,0.29117868943735425,0.0,0.0,0.0,0.0,0.0,0.0,0.168407656908269,0.33310000877673346,0.0,0.0,0.0,0.0,0.0,0.0,0.0,0.0,0.0,0.0,0.0,0.0,0.0,0.0,0.5569550623513225,0.0,0.23812097215023556,0.0,0.0,0.0,0.7272817604402704,0.0,0.0,0.5099896151939881,0.0,0.38312742731944704,솔섬 25%,1106
0.09123851771357488,0.0,0.0,0.0,0.0,0.0,0.13862458457614166,0.0,0.0,0.5243396784606262,0.07682632493963372,0.15195775525583977,0.0,0.0,0.0,0.0,0.0,0.0,0.0,0.0,0.10350495282635225,0.0,0.0,0.0,1.0,0.0,0.0,0.0,0.1086290226775147,0.33256592255496664,0.0,0.0,0.11059351630448255,0.0,0.18601914574168824,0.0,0.0,0.0,술샘16,66
0.08977384959733149,0.0,0.0,0.13070115935748566,0.0,0.0,0.0,0.0,0.0,0.0,0.22677905493482914,0.0,0.0,0.0,0.0,0.0,0.0,0.0,0.0,0.0,0.0,0.0,0.0,0.0,0.0,0.0,1.0,0.0,0.0,0.0,0.0,0.0,0.21763627792215767,0.0,0.0,0.0,0.0,0.0,술샘19,299
0.035909539838932594,0.0,0.0,0.0,0.0,0.0,0.0,0.0,0.0,0.06878964807357718,0.0,0.0,0.0,0.0,0.0,0.0,1.0,0.0,0.0,0.0,0.0,0.06779029803321826,0.0,0.0,0.0,0.0,0.0,0.0,0.08550814535914243,0.0,0.0,0.0,0.04352725558443154,0.0,0.0,0.09156746202125211,0.0,0.13757929614715436,안동 국화주 32%,1216
0.5599305854839227,0.8766707704326554,0.0,0.40759963514274766,1.0,0.0,0.0,0.0,0.0,0.5363119117348176,0.23574149483155662,0.0,0.0,0.0,0.0,0.0,0.0,0.0,0.0,0.0,0.0,0.0,0.0,0.0,0.0,0.0,0.0,0.0,0.6666560767604112,0.0,0.0,0.0,0.3393560849459155,0.0,0.0,0.0,0.0,0.0,안동소주 일품 17% [6병/12병],333
0.4579089685133685,0.7169378109032832,0.0,1.0,0.0,0.0,0.0,0.0,0.0,0.0,0.0,0.0,0.0,0.0,0.0,0.0,0.0,0.0,0.0,0.0,0.259735950191177,0.0,0.0,0.0,0.0,0.0,0.0,0.0,0.0,0.0,0.0,0.0,0.0,0.0,0.0,0.0,0.0,0.0,안동소주 일품 21% [6병/12병],334
0.2289544842566842,0.7169378109032832,0.0,1.0,0.40889797805706435,0.0,0.0,0.0,0.0,0.43859371263257135,0.0,0.0,0.0,0.5916760508354654,0.0,0.0,0.0,0.0,0.0,0.0,0.0,0.0,0.0,0.0,0.0,0.0,0.0,0.0,0.2725943218467872,0.0,0.0,0.0,0.27752403395149244,0.0,0.0,0.0,0.0,0.43859371263257135,안동소주 일품 40% [6병/12병],335
0.7945725468267534,0.0,0.0,0.0,0.0,0.0,0.0,0.0,0.0,0.0,0.44604033618243133,0.0,0.0,0.0,0.0,0.0,0.0,0.0,0.0,0.8107483539543396,0.0,0.49999999999999994,0.0,0.0,0.0,0.0,0.0,0.0,0.0,0.0,0.9999999999999999,0.0,0.32104340036315027,0.0,0.0,0.0,0.0,0.0,안동소주 일품 40% 골드,1092
0.5599305854839226,0.0,0.0,0.5434661801903302,0.9999999999999999,0.0,0.0,0.0,0.0,0.0,0.0,0.0,0.0,0.0,0.0,0.0,0.0,0.0,0.7873012607909525,0.0,0.0,0.0,0.0,0.0,0.0,0.0,0.0,0.0,0.0,0.0,0.0,0.0,0.0,0.0,0.0,0.0,0.0,0.35754127448987844,양조학당 애,1129
0.5220195312021928,0.0,0.0,0.0,0.3107644320774958,0.0,0.0,0.0,0.0,0.0,0.29304028703371443,0.0,0.0,0.0,0.0,0.9389120905674121,0.0,0.0,0.0,0.0,0.0,0.0,0.9250371328728438,0.0,0.0,0.0,0.0,0.0,0.0,0.0,0.3284907924940003,0.0,0.0,0.0,0.0,0.0,0.0,1.0,여유 40%,1165
0.9158179370267369,0.0,0.7347258946635987,1.0,0.8177959561141286,0.0,0.0,0.0,0.0,0.0,0.19278844116154678,0.0,0.0,0.0,0.0,0.0,0.0,0.0,0.0,0.0,0.0,0.0,0.0,0.0,0.0,0.0,0.0,0.0,0.2725943218467872,0.0,0.4322219887366776,0.0,0.0,0.0,0.0,0.0,0.0,0.8771874252651427,왕율주 33% X 4병,276
0.25081012673920405,0.0,0.0,0.1825764100038454,0.0,0.0,0.3810720570434979,0.0,0.0,0.0,0.10559586443253835,0.0,0.0,0.0,0.38387413123126485,0.33833311737857025,0.0,0.0,0.0,0.0,0.0,0.0,0.9999999999999999,0.0,0.0,0.0,0.0,0.0,0.0,0.0,0.0,0.0,0.0,0.0,0.0,0.0,0.0,0.0,용봉소주 25% [2병/3병],1190
0.8249897531278406,0.0,0.0,0.6005485877875276,0.7366893098140364,0.0,0.6267301610814364,0.0,0.0,0.0,0.34733647824397734,0.0,0.0,0.0,0.0,0.0,0.0,0.0,0.0,0.0,0.0,0.0,0.0,0.0,0.0,0.0,0.0,0.0,0.0,0.0,0.0,0.0,1.0,0.0,0.0,0.0,0.0,0.7901905042019384,이도 22%,115
0.3434317263850263,0.0,0.0,0.9999999999999999,0.3066734835427983,0.0,0.0,0.0,0.0,0.0,0.4337739926134802,0.0,0.0,0.0,0.0,0.0,0.0,0.0,0.0,0.0,0.0,0.0,0.0,0.0,0.0,0.0,0.0,0.0,0.40889148277018084,0.0,0.0,0.0,0.0,0.0,0.0,0.0,0.0,0.0,이도 25%,1012
0.25797279207475465,0.0,0.0,0.3755808975341107,0.0,0.0,0.0,0.0,0.0,0.0,0.2172229672969675,0.0,0.0,1.0,0.0,0.0,0.0,0.0,0.0,0.0,0.0,0.0,0.0,0.0,0.0,0.0,0.0,0.0,0.15357183009287792,0.0,0.0,0.0,0.0,0.0,0.788941111861205,0.0,0.0,0.494182260730077,이도 32%,1013
0.3958648192758821,0.0,0.0,0.5763369963555321,0.0,0.0,0.0,0.0,0.0,0.0,1.0,0.0,0.0,0.0,0.0,0.0,0.0,0.0,0.0,0.0,0.0,0.0,0.0,0.0,0.0,0.0,0.0,0.0,0.0,0.0,0.0,0.0,0.9596842088644434,0.0,0.0,0.0,0.0,0.0,이도 42%,1014
0.0,0.0,0.0,0.0,0.0,0.0,0.0,0.0,0.0,0.0,0.6604356319852146,0.0,0.0,0.0,0.0,0.0,0.0,0.0,0.0,0.0,0.0,0.0,0.0,0.0,0.0,0.0,0.0,0.0,0.466913374421673,0.0,0.0,0.0,0.0,0.0,0.0,1.0,0.0,0.7512455467817992,진도 아리랑 홍주 40%,1167
0.9158179370267366,0.0,0.0,1.0,0.4088979780570643,0.0,0.34786536500477777,0.0,0.0,0.0,0.19278844116154675,0.38132370357686995,0.0,0.0,0.0,0.0,0.0,0.0,0.482888840488797,0.0,0.25973595019117696,0.0,0.0,0.0,0.0,0.0,0.0,0.0,0.2725943218467872,0.0,0.0,0.0,0.27752403395149244,0.0,0.0,0.0,0.0,0.0,진맥소주 22%,475
1.0,0.0,0.0,0.7279467235933855,0.4464839151159001,0.0,0.0,0.0,0.0,0.0,0.21050957113533628,0.41637501097091684,0.0,0.0,0.0,0.0,0.0,0.0,0.0,0.0,0.0,0.0,0.0,0.0,0.0,0.0,0.0,0.0,0.5953024303755888,0.4556270899739282,0.0,0.0,0.0,0.0,0.0,0.0,0.0,0.4789092841493089,진맥소주 40%,227
1.0,0.0,0.0,0.0,0.7143742641854401,0.0,0.0,0.0,0.0,0.0,0.168407656908269,0.33310000877673346,0.0,0.0,0.0,0.0,0.0,0.0,0.0,0.0,0.0,0.0,0.0,0.0,0.0,0.0,0.0,0.0,0.0,0.0,0.0,0.0,0.0,0.0,0.0,0.0,0.0,0.38312742731944704,진맥소주 53%,1008
1.0,0.0,0.0,0.7279467235933855,0.0,0.0,0.0,0.0,0.8643721756606223,0.0,0.0,0.41637501097091684,0.0,0.0,0.0,0.0,0.0,0.0,0.0,0.0,0.0,0.0,0.0,0.0,0.0,0.0,0.0,0.0,0.0,0.0,0.0,0.0,0.0,0.0,0.0,0.0,0.0,0.4789092841493088,천비향 화주,85
0.43557702266406617,0.0,0.0,0.0,0.0,0.0,0.16545008986027987,0.0,0.0,0.20860188011593522,0.2750793967122576,0.0,0.0,0.0,0.0,0.0,0.0,0.0,0.9186772825205005,0.9999999999999999,0.0,0.0,0.0,0.0,0.0,0.0,0.0,0.0,0.0,0.0,0.0,0.0,0.0,0.0,0.0,0.27767469771973774,0.0,0.20860188011593522,추사 40%,81
0.14224048998000977,0.0,0.0,0.0,0.0,0.0,0.0,0.0,0.08196581452736933,0.0,0.07984795878339186,0.0,0.0,0.0,0.0,0.0,0.0,0.0,0.9999999999999999,0.0,0.0,0.08950755380869174,0.0,0.0,0.0,0.0,0.0,0.0,0.056450739588609605,0.0,0.0,0.0,0.05747161886586008,0.0,0.0,0.0,0.0,0.18165410995566245,추사 백 25%,1063
0.02678234251080359,0.0,0.0,0.0779844739235813,0.0,1.0,0.0,0.0,0.0,0.05130524991876221,0.09020703097518319,0.04460599262705079,0.0,0.0,0.0,0.0,0.0,0.0,0.0,0.0,0.0,0.0,0.0,0.0,0.0,0.0,0.0,0.0,0.0,0.0,0.0,0.0,0.0,0.0,0.0,0.0,0.0,0.10261049983752442,커피냑,280
0.0,0.0,0.0,0.8421681586835329,0.0,0.0,0.0,0.0,1.0,0.0,0.0,0.4817080219555769,0.0,0.0,0.0,0.0,0.0,0.0,0.0,0.0,0.0,0.5460053945953538,0.0,0.0,0.0,0.0,0.0,0.0,0.6887107742918854,0.0,0.0,0.0,0.0,0.0,0.0,0.0,0.0,0.5540544890669208,토박이 소곡화주,312
0.3949018912880957,0.0,0.0,0.19164502526933377,0.0,0.0,1.0,0.0,0.45512294259358127,0.2521629094213202,0.0,0.0,0.0,0.0,0.0,0.0,0.0,0.0,0.2776297321132644,0.0,0.29866261642645525,0.0,0.0,0.0,0.0,0.0,0.0,0.0,0.15672403709581334,0.0,0.0,0.0,0.478674904495331,0.0,0.0,0.0,0.0,0.0,한주 25%,1166
